ID_Espacio_Verde,Nombre,Nombre_Mapa,Tipo_Espacio,Clasificacion_Original,Acceso,Direccion,Barrio,Comuna,Tiene_Patio_Juegos,Superficie_m2,Perimetro_m,Latitud,Longitud,Latitud_Centroide,Longitud_Centroide,Metodo_Coordenada,Flag_Centroide_Fuera_Geometria,Distancia_Centroide_Pin_m,Flag_Geometria_Reparada,Cantidad_Partes_Geometria,Flag_Revision_Manual,Motivo_Revision,Criterio_Inclusion,CRS_Coordenadas,Fuente_Archivo
6,Polideportivo Colegiales,Polidep. Colegiales,Parque,PARQUE,No informado,"CONDE - MATIENZO, BENJAMIN, TTE. - FREIRE, RAMON, CAP. GRAL.",Colegiales,13,NO,4686.363924099199,518.4493433990593,-34.5803110909,-58.4447190469,-34.5803110909,-58.4447190469,Centroide geométrico,0,0.00,1,3,1,Polideportivo Colegiales: confirmar proporción de espacio verde y acceso familiar,"Parque según clasificación oficial y superficie >= 1,000 m²",EPSG:4326,espacio_verde_publico.csv
9,Plaza Rafael Hernández,Pza. Rafael Hernández,Plaza,PLAZA,No informado,"ECHEVERRIA - VUELTA DE OBLIGADO - MOM, POLICARPO",Belgrano,13,SI,559.0223647520776,110.23557175400153,-34.5623120757,-58.4551880709,-34.5623120757,-58.4551880709,Centroide geométrico,0,0.00,0,1,0,No aplica,"Plaza según clasificación oficial, sin conflicto textual",EPSG:4326,espacio_verde_publico.csv
10,Plaza Pques. Nacionales Argentinos,Pza. Pques. Nacionales Argentinos,Plaza,PLAZA,No informado,"ECHEVERRIA - CASTAÑEDA - SUCRE, ANTONIO J. DE, MCAL. - FIGUEROA ALCORTA PRES., AV.",Belgrano,13,NO,12170.747459362827,436.4721894177015,-34.5524659253,-58.4369918730,-34.5524659253,-58.4369918730,Centroide geométrico,0,0.00,0,1,0,No aplica,"Plaza según clasificación oficial, sin conflicto textual",EPSG:4326,espacio_verde_publico.csv
26,Plaza Barrio Marcelo T de Alvear,Pza. Barrio Marcelo T de Alvear,Plaza,PLAZA,No informado,"DIRECTORIO, AV. - OLIVERA, AV. - RODO, JOSE E. - FERNANDEZ (BARRIO MARCELO T. DE ALVEAR)",Parque Avellaneda,9,NO,36224.06433209898,4957.031090284299,-34.6434351249,-58.4838540849,-34.6434351249,-58.4838540849,Centroide geométrico,0,0.00,0,27,0,No aplica,"Plaza según clasificación oficial, sin conflicto textual",EPSG:4326,espacio_verde_publico.csv
53,Plaza Tupac Amarú,Pza. Tupac Amarú,Plaza,PLAZA,No informado,"SAN PEDRITO, AV. - PERON, EVA, AV. - PRIMERA JUNTA (D) - LAFUENTE, AV.",Flores,7,SI,1964.6887491747004,446.2159891133753,-34.6423486914,-58.4622471050,-34.6423728216,-58.4619242116,Punto representativo interno del componente principal,1,29.72,0,4,0,No aplica,"Plaza según clasificación oficial, sin conflicto textual",EPSG:4326,espacio_verde_publico.csv
70,Plaza Irlanda,Pza. Irlanda,Plaza,PLAZA,No informado,"GAONA, AV. - ALVAREZ, DONATO, TTE. GRAL., AV. - NEUQUEN - SEGUI, F.J., ALMTE.",Caballito,6,SI,37603.00460489184,5076.73764982689,-34.6140425377,-58.4575097991,-34.6146059084,-58.4578158834,Punto representativo interno del componente principal,1,68.50,0,18,0,No aplica,"Plaza según clasificación oficial, sin conflicto textual",EPSG:4326,espacio_verde_publico.csv
107,Plaza Alemania,Pza. Alemania,Plaza,PLAZA,No informado,"DEL LIBERTADOR, AV. - CASARES, AV. - CASTEX - CAVIA",Palermo,14,SI,24955.93333897485,3328.6728480595275,-34.5764806763,-58.4090309834,-34.5767644015,-58.4082664077,Punto representativo interno del componente principal,1,76.88,0,29,0,No aplica,"Plaza según clasificación oficial, sin conflicto textual",EPSG:4326,espacio_verde_publico.csv
117,Plaza Brig. Gral. J. M. Zapiola,Pza. Brig. Gral. J. M. Zapiola,Plaza,PLAZA,No informado,"ACHA, MARIANO - JURAMENTO - DONADO - ECHEVERRIA",Villa Urquiza,12,SI,5378.668755020476,2095.567693925374,-34.5732736603,-58.4754653460,-34.5736061093,-58.4751701361,Punto representativo interno del componente principal,1,45.75,0,28,0,No aplica,"Plaza según clasificación oficial, sin conflicto textual",EPSG:4326,espacio_verde_publico.csv
160,Ing. Agr. Benito J. Carrasco,Pque. Punta Carrasco,Parque,PARQUE,No informado,"OBLIGADO, RAFAEL, AV. COSTANERA (MURALLON) -SALGUERO, JERONIMO, PROLONGACION IMAGINARIA - SARMIENTO, AV., PROLONGACION IMAGINARIA - RIO DE LA PLATA",Palermo,14,SI,70716.69421384232,8836.027345549326,-34.5649504394,-58.4012610542,-34.5659937009,-58.3997236209,Punto representativo interno del componente principal,1,182.45,0,68,0,No aplica,"Parque según clasificación oficial y superficie >= 1,000 m²",EPSG:4326,espacio_verde_publico.csv
171,Parque Brig. Gral. Cornelio Saavedra,Pque. Brig. Gral. Cornelio Saavedra,Parque,PARQUE,No informado,"GARCIA DEL RIO, AV. - MELIAN, AV. - VILELA - PEREZ, ROQUE - BESARES - CONDE - PINTO - FREIRE, RAMON, CAP. GRAL.",Saavedra,12,SI,96070.01479020756,6728.181069924909,-34.5506333674,-58.4800647399,-34.5506333674,-58.4800647399,Centroide geométrico,0,0.00,1,20,0,No aplica,"Parque según clasificación oficial y superficie >= 1,000 m²",EPSG:4326,espacio_verde_publico.csv
177,Plaza de la Integración Latinoamericana,Pza. de la Integración Latinoamericana,Plaza,PLAZA,No informado,"MORENO, PERITO, AV. Y VARELA",Flores,7,SI,2296.088024589888,927.2124643363719,-34.6509288306,-58.4432777010,-34.6509288306,-58.4432777010,Centroide geométrico,0,0.00,0,23,0,No aplica,"Plaza según clasificación oficial, sin conflicto textual",EPSG:4326,espacio_verde_publico.csv
180,Plaza Dr. Juan B Terán,Pza. Dr. Juan B Terán,Plaza,PLAZA,No informado,"NOGOYA - GORDILLO, JOSE, CNEL. - MELINCUE - MARTINEZ, JUAN E.",Villa Real,10,SI,15431.770703632706,2301.9991698540152,-34.6207054075,-58.5195735385,-34.6207054075,-58.5195735385,Centroide geométrico,0,0.00,0,19,0,No aplica,"Plaza según clasificación oficial, sin conflicto textual",EPSG:4326,espacio_verde_publico.csv
181,Parque Florentino Ameghino,Pque. Florentino Ameghino,Parque,PARQUE,No informado,"CASEROS, AV. - SANTA CRUZ - USPALLATA - MONASTERIO",Parque Patricios,4,SI,35580.67069664748,3419.6492958598155,-34.6370004062,-58.3948760293,-34.6363250100,-58.3944887957,Punto representativo interno del componente principal,1,82.89,0,18,0,No aplica,"Parque según clasificación oficial y superficie >= 1,000 m²",EPSG:4326,espacio_verde_publico.csv
202,Plaza Nuestra Señora de la Asunción,Pza. Ntra. Sra. de la Asunción,Plaza,PLAZA,No informado,"GAONA, AV. - GAVILAN - CARACAS - VIALE, LUIS",Villa Gral. Mitre,11,SI,3670.419312165801,1175.2938300334017,-34.6162236542,-58.4665340006,-34.6159970181,-58.4664394967,Punto representativo interno del componente principal,1,26.59,0,15,0,No aplica,"Plaza según clasificación oficial, sin conflicto textual",EPSG:4326,espacio_verde_publico.csv
245,Plaza J. J. Paso,Pza. J. J. Paso,Plaza,PLAZA,No informado,"OLAGUER Y FELIU, VIRREY - MOLDES - ZABALA - VIAS DEL FCGB",Colegiales,13,SI,4786.871212767716,1095.9757291789713,-34.5699274671,-58.4534415134,-34.5698448118,-58.4531563086,Punto representativo interno del componente principal,1,27.73,0,8,0,No aplica,"Plaza según clasificación oficial, sin conflicto textual",EPSG:4326,espacio_verde_publico.csv
269,Plaza de la Misericordia,Pza. de la Misericordia,Plaza,PLAZA,No informado,"DIRECTORIO, AV. - LAUTARO - BILBAO, FRANCISCO - CAMACUA",Flores,7,SI,5647.261933073007,1798.752196573838,-34.6323920195,-58.4554070426,-34.6325267768,-58.4557348074,Punto representativo interno del componente principal,1,33.56,0,21,0,No aplica,"Plaza según clasificación oficial, sin conflicto textual",EPSG:4326,espacio_verde_publico.csv
281,Plaza Reina de Holanda,Pza. Reina de Holanda,Plaza,PLAZA,No informado,"MANSO, JUANA - LORENZINI, CAROLA - DEALESSI, PIERINA",Puerto Madero,1,NO,1998.4246213725385,782.6445056801028,-34.6076311951,-58.3637611167,-34.6076476811,-58.3638997515,Punto representativo interno del componente principal,1,12.84,0,14,0,No aplica,"Plaza según clasificación oficial, sin conflicto textual",EPSG:4326,espacio_verde_publico.csv
295,Plaza Aristóbulo del Valle,Pza. Aristóbulo del Valle,Plaza,PLAZA,No informado,"CUENCA - SASTRE, MARCOS - CAMPANA - BAIGORRIA",Villa Del Parque,11,SI,7916.725046266489,2143.304668117405,-34.6060901508,-58.4932175301,-34.6055500576,-58.4928639513,Punto representativo interno del componente principal,1,68.12,0,23,0,No aplica,"Plaza según clasificación oficial, sin conflicto textual",EPSG:4326,espacio_verde_publico.csv
296,"Plaza de Las Armas ""Ejército Argentino""","Pza. de Las Armas ""Ejército Argentino""",Plaza,PLAZA,No informado,"PASEO COLON, AV. - LA RABIDA (S) - HUERGO, ING., AV. - MORENO",Monserrat,1,NO,12024.72841425104,3099.8059325477775,-34.6095058917,-58.3688772813,-34.6102302879,-58.3685403218,Punto representativo interno del componente principal,1,86.08,0,30,0,No aplica,"Plaza según clasificación oficial, sin conflicto textual",EPSG:4326,espacio_verde_publico.csv
297,Plaza Mons. Miguel de Andrea,Pza. Mons. Miguel de Andrea,Plaza,PLAZA,No informado,"CORDOBA, AV. - JAURES, JEAN - ANCHORENA, TOMAS M. DE, DR. - PARAGUAY",Recoleta,2,SI,5868.030032751955,1196.9894106911956,-34.5974691077,-58.4071461149,-34.5974691077,-58.4071461149,Centroide geométrico,0,0.00,0,16,0,No aplica,"Plaza según clasificación oficial, sin conflicto textual",EPSG:4326,espacio_verde_publico.csv
306,Plaza Jorge Di Pascuale,Pza. Jorge Di Pascuale,Plaza,PLAZA,No informado,"LACARRA, AV. - DELLEPIANE, LUIS J., TTE. GRAL., AV.(NORTE) - AUTOPISTA PERITO MORENO (AU 6), PERITO, AUTOPISTA (AU 6) - PERON, EVA, AV.",Parque Avellaneda,9,SI,10409.903140343322,1418.24722220848,-34.6502651458,-58.4678227401,-34.6502651458,-58.4678227401,Centroide geométrico,0,0.00,0,8,0,No aplica,"Plaza según clasificación oficial, sin conflicto textual",EPSG:4326,espacio_verde_publico.csv
314,Plaza Dr. Benjamín A. Gould,Pza. Dr. Benjamín A. Gould,Plaza,PLAZA,No informado,"SARMIENTO, AV. - CASARES, AV. - ROLDAN, BELISARIO, AV. (JARDINES DEL PLANETARIO DE LA CIUDAD DE BUENOS AIRES)",Palermo,14,NO,41826.471130322854,4336.986497614119,-34.5693231508,-58.4115570925,-34.5693231508,-58.4115570925,Centroide geométrico,0,0.00,0,11,0,No aplica,"Plaza según clasificación oficial, sin conflicto textual",EPSG:4326,espacio_verde_publico.csv
326,Plaza Canadá,Pza. Canadá,Plaza,PLAZA,No informado,"ANTARTIDA ARGENTINA, AV. - SAN MARTIN - MARTINEZ ZUVIRIA, GUSTAVO DR. - RAMOS MEJIA, JOSE M., DR., AV.",Retiro,1,NO,10358.491543344535,1726.7083026572468,-34.5900308146,-58.3718877214,-34.5900308146,-58.3718877214,Centroide geométrico,0,0.00,0,19,0,No aplica,"Plaza según clasificación oficial, sin conflicto textual",EPSG:4326,espacio_verde_publico.csv
327,Almte. Guillermo Brown,Pque. Almte. Guillermo Brown,Parque,PARQUE,No informado,"PAZ, GRAL., AV.- ROCA, CNEL., AV. - ESCALADA, AV. - 27 DE FEBRERO - MORENO, PERITO, AV. - VEDIA, AGUSTIN DE, AV. - FERNANDEZ DE LA CRUZ, FRANCISCO, GRAL., AV. - CASTAÑON - BARROS PAZOS, JOSE",Flores,7,SI,71317.32549113689,3097.669451547134,-34.6523085960,-58.4577741020,-34.6521177895,-58.4567814034,Punto representativo interno del componente principal,1,93.42,0,9,0,No aplica,"Parque según clasificación oficial y superficie >= 1,000 m²",EPSG:4326,espacio_verde_publico.csv
338,Plaza Marcos Sastre,Pza. Marcos Sastre,Plaza,PLAZA,No informado,"MONROE, AV. - MILLER - VALDENEGRO - PROPIEDAD PARTICULAR - PARALELA A ROOOSEVELT, FRANKLIN D.",Villa Urquiza,12,SI,1964.6418671023491,695.974057463016,-34.5712019144,-58.4816020744,-34.5712019144,-58.4816020744,Centroide geométrico,0,0.00,0,14,1,La ubicación menciona propiedad particular; confirmar acceso,"Plaza según clasificación oficial, sin conflicto textual",EPSG:4326,espacio_verde_publico.csv
352,Plaza Ciudad de Udine,Pza. Ciudad de Udine,Plaza,PLAZA,No informado,"MAGARIÑOS CERVANTES, ALEJANDRO - CAMARONES - CHIVILCOY - MERCEDES",Floresta,10,SI,3375.2795693144453,1020.7849781715954,-34.6209908103,-58.4916717523,-34.6207117671,-58.4922828003,Punto representativo interno del componente principal,1,64.01,1,17,0,No aplica,"Plaza según clasificación oficial, sin conflicto textual",EPSG:4326,espacio_verde_publico.csv
361,Plaza Dr. Bernardo A. Houssay,Pza. Dr. Bernardo A. Houssay,Plaza,PLAZA,No informado,"URIBURU, JOSE E., PRES. - PARAGUAY - JUNIN - CORDOBA, AV.",Recoleta,2,NO,7223.335202659293,1642.2201690996574,-34.5991477975,-58.3983819581,-34.5989858015,-58.3981516017,Punto representativo interno del componente principal,1,27.73,0,15,0,No aplica,"Plaza según clasificación oficial, sin conflicto textual",EPSG:4326,espacio_verde_publico.csv
362,Plaza Miserere,Pza. Miserere,Plaza,PLAZA,No informado,"RIVADAVIA, AV. - ECUADOR - MITRE, BARTOLOME - PUEYRREDON, AV.",Balvanera,3,NO,5839.6416937231415,2261.860186645314,-34.6094866346,-58.4078129520,-34.6097098703,-58.4075493603,Punto representativo interno del componente principal,1,34.60,0,42,0,No aplica,"Plaza según clasificación oficial, sin conflicto textual",EPSG:4326,espacio_verde_publico.csv
368,Parque La Isla de la Paternal,Pque. La Isla de la Paternal,Parque,PARQUE,No informado,"CHORROARIN, AV. - GUTEMBERG - DE LOS CONSTITUYENTES, AV., - CALLE SIN DENOMINACION",Paternal,15,SI,78244.22940748312,6174.4716474523175,-34.5939714380,-58.4746150594,-34.5939714380,-58.4746150594,Centroide geométrico,0,0.00,0,18,0,No aplica,"Parque según clasificación oficial y superficie >= 1,000 m²",EPSG:4326,espacio_verde_publico.csv
371,Plaza de los Viveros,Pza. de los Viveros,Plaza,PLAZA,No informado,"ROCA, CNEL., AV. - FERRE - GORDILLO, TIMOTEO - DE LA TORRE, LISANDRO, AV.",Villa Riachuelo,8,SI,4552.0384439104,1196.8264936709356,-34.6918921447,-58.4642946511,-34.6917892629,-58.4640744562,Punto representativo interno del componente principal,1,23.18,0,8,0,No aplica,"Plaza según clasificación oficial, sin conflicto textual",EPSG:4326,espacio_verde_publico.csv
372,Plaza Rubén Darío,Pza. Rubén Darío,Plaza,PLAZA,No informado,"DEL LIBERTADOR, AV. - AUSTRIA - FIGUEROA ALCORTA, PRES., AV. - PETTORUTI, EMILIO",Recoleta,2,SI,37089.594186936796,5414.46324874986,-34.5832095532,-58.3943641175,-34.5832095532,-58.3943641175,Centroide geométrico,0,0.00,0,24,0,No aplica,"Plaza según clasificación oficial, sin conflicto textual",EPSG:4326,espacio_verde_publico.csv
390,M. Teresa Alberletche,Pza. M. Teresa Alberletche,Plaza,PLAZA,No informado,"MORENO, PERITO, AV. - MOM - RIVERA, FRUCTUOSO, GRAL.",Nueva Pompeya,4,NO,204.55710989989808,145.03804352114025,-34.6503426593,-58.4270579464,-34.6503426593,-58.4270579464,Centroide geométrico,0,0.00,0,2,0,No aplica,"Plaza según clasificación oficial, sin conflicto textual",EPSG:4326,espacio_verde_publico.csv
392,Plaza Hugo Ricardo Corradi,Pza. Hugo Ricardo Corradi,Plaza,PLAZA,No informado,"YERBAL - CALDERON DE LA BARCA, PEDRO - AUTOPISTA PERITO MORENO (AU 6) (ESTE)",Villa Luro,10,NO,1105.4846493677242,172.36060598613065,-34.6356637633,-58.4971390255,-34.6356637633,-58.4971390255,Centroide geométrico,0,0.00,0,1,0,No aplica,"Plaza según clasificación oficial, sin conflicto textual",EPSG:4326,espacio_verde_publico.csv
399,Plaza Francisco Sicardi,Pza. Francisco Sicardi,Plaza,PLAZA,No informado,BALBASTRO - PROPIEDAD PARTICULAR - VARELA,Flores,7,SI,7625.05988430205,350.89493232223543,-34.6456291459,-58.4526399750,-34.6456291459,-58.4526399750,Centroide geométrico,0,0.00,0,1,1,La ubicación menciona propiedad particular; confirmar acceso,"Plaza según clasificación oficial, sin conflicto textual",EPSG:4326,espacio_verde_publico.csv
434,Plaza Martín Fierro,Pza. Martín Fierro,Plaza,PLAZA,No informado,"URQUIZA, GRAL. - BARCALA - LA RIOJA - POLIDEPORTIVO",San Cristobal,3,SI,9517.632298028124,1673.3267088720297,-34.6262208353,-58.4071045067,-34.6260739387,-58.4078197556,Punto representativo interno del componente principal,1,67.57,0,11,0,No aplica,"Plaza según clasificación oficial, sin conflicto textual",EPSG:4326,espacio_verde_publico.csv
462,Plaza de los Olmos,Pza. de los Olmos,Plaza,PLAZA,No informado,"ECHEVERRIA - ZAPIOLA - SUCRE, ANTONIO JOSE DE, MCAL. - VIAS DEL FCGBM",Belgrano,13,SI,5433.88116763379,1666.1509235067897,-34.5676674037,-58.4620913804,-34.5676674037,-58.4620913804,Centroide geométrico,0,0.00,0,10,0,No aplica,"Plaza según clasificación oficial, sin conflicto textual",EPSG:4326,espacio_verde_publico.csv
464,Plaza Libres del Sud,Pza. Libres del Sud,Plaza,PLAZA,No informado,"QUIROGA, JUAN F. BRIG. GRAL. VIA R PIDA - VIAS DEL FCGBM - ATC (EXPLANADA)",Recoleta,2,NO,15786.800881499059,1501.738957001911,-34.5803760593,-58.3939520274,-34.5803760593,-58.3939520274,Centroide geométrico,0,0.00,0,2,0,No aplica,"Plaza según clasificación oficial, sin conflicto textual",EPSG:4326,espacio_verde_publico.csv
481,Plaza V. López y Planes,Pza. V. López y Planes,Plaza,PLAZA,No informado,MONTEVIDEO - PARANA - ARENALES,Recoleta,2,SI,10707.720640574094,1856.74229786404,-34.5938174636,-58.3892963742,-34.5938174636,-58.3892963742,Centroide geométrico,0,0.00,0,13,0,No aplica,"Plaza según clasificación oficial, sin conflicto textual",EPSG:4326,espacio_verde_publico.csv
482,Plaza Int. Torcuato de Alvear,Pza. Int. Torcuato de Alvear,Plaza,PLAZA,No informado,"DEL LIBERTADOR, AV. - PUEYRREDON, AV. - CENTRO CULTURAL RECOLETA - QUINTANA, MANUEL, PRES., AV. - HAEDO, EDUARDO V., PRES.- ALVEAR, AV.",Recoleta,2,SI,19076.485672937557,2993.1537855114434,-34.5855307208,-58.3922702421,-34.5858450938,-58.3914042641,Punto representativo interno del componente principal,1,86.75,0,24,0,No aplica,"Plaza según clasificación oficial, sin conflicto textual",EPSG:4326,espacio_verde_publico.csv
496,Plaza Anna Eleanor Roosevelt,Pza. Anna Eleanor Roosevelt,Plaza,PLAZA,No informado,AV PARQUE ROBERTO GOYENECHE - MANZANARES - GARCÍA DEL RÍO,Saavedra,12,SI,2974.679988846335,549.0458178500504,-34.5561592203,-58.4873845929,-34.5561592203,-58.4873845929,Centroide geométrico,0,0.00,0,5,0,No aplica,"Plaza según clasificación oficial, sin conflicto textual",EPSG:4326,espacio_verde_publico.csv
499,Plaza Beatriz Guido,Pza. Beatriz Guido,Plaza,PLAZA,No informado,"PASEO COLON, AV. - COCHABAMBA - SAN JUAN AV",San Telmo,1,NO,1340.395160954994,819.051557538803,-34.6228028628,-58.3691258745,-34.6224270895,-58.3688881342,Punto representativo interno del componente principal,1,47.03,1,14,0,No aplica,"Plaza según clasificación oficial, sin conflicto textual",EPSG:4326,espacio_verde_publico.csv
500,Plaza Madres del Pañuelo Blanco,Pza. Madres del Pañuelo Blanco,Plaza,PLAZA,No informado,RICARDO BALBIN AV - PARQUE ROBERTO GOYENECHE - GARCÍA DEL RÍO - HOLMBERG,Saavedra,12,NO,2332.7318397820322,441.60526420299584,-34.5553815635,-58.4878410824,-34.5553815635,-58.4878410824,Centroide geométrico,0,0.00,0,3,0,No aplica,"Plaza según clasificación oficial, sin conflicto textual",EPSG:4326,espacio_verde_publico.csv
511,Plaza Fuerza Aérea Argentina,Pza. Fuerza Aérea Argentina,Plaza,PLAZA,No informado,"DEL LIBERTADOR, AV. - SAN MARTIN - RAMOS MEJIA, JOSE M., DR., AV. - GILARDI, GILARDO",Retiro,1,NO,12688.682686483262,2624.3425349398367,-34.5917137658,-58.3733388901,-34.5922384050,-58.3737416787,Punto representativo interno del componente principal,1,68.93,0,38,0,No aplica,"Plaza según clasificación oficial, sin conflicto textual",EPSG:4326,espacio_verde_publico.csv
512,Plaza La Vuelta de Obligado,Pza. La Vuelta de Obligado,Plaza,PLAZA,No informado,"GARAY, JUAN DE, AV. - COMBATE DE LOS POZOS - PICHINCHA - BRASIL, AV.",Parque Patricios,4,SI,58047.887959305524,3223.714229749249,-34.6289177922,-58.3944779684,-34.6289177922,-58.3944779684,Centroide geométrico,0,0.00,0,20,0,No aplica,"Plaza según clasificación oficial, sin conflicto textual",EPSG:4326,espacio_verde_publico.csv
520,Leonardo Pereyra,Pque. Leonardo Pereyra,Parque,PARQUE,No informado,"ALVARADO - RIO CUARTO - LUZURIAGA - VELEZ SARSFIELD, AV.",Barracas,4,SI,39739.884605193365,5023.635338824481,-34.6518870820,-58.3884583345,-34.6502189864,-58.3882310191,Punto representativo interno del componente principal,1,186.18,0,18,0,No aplica,"Parque según clasificación oficial y superficie >= 1,000 m²",EPSG:4326,espacio_verde_publico.csv
521,Plaza República del Paraguay,Pza. Rep. del Paraguay,Plaza,PLAZA,No informado,"BARRIENTOS - PEÑA - LARREA - PACHECO DE MELO, JOSE A.",Recoleta,2,SI,2060.906807115396,730.6525549601513,-34.5890936965,-58.3984001670,-34.5890936965,-58.3984001670,Centroide geométrico,0,0.00,0,21,0,No aplica,"Plaza según clasificación oficial, sin conflicto textual",EPSG:4326,espacio_verde_publico.csv
560,Plaza de los Niños - Dr. Carlos Gianatonio,Pza. de los Niños - Dr. Carlos Gianatonio,Plaza,PLAZA,No informado,"OBISPO SAN ALBERTO - CONDARCO - CABEZON, JOSE L. - BOLIVIA - LADINES - ARTIGAS, JOSE G., GRAL. - VIAS DEL FCGBM",Villa Pueyrredon,12,SI,8167.642493099456,2133.5276716792227,-34.5807782546,-58.5018969008,-34.5807782546,-58.5018969008,Centroide geométrico,0,0.00,0,11,0,No aplica,"Plaza según clasificación oficial, sin conflicto textual",EPSG:4326,espacio_verde_publico.csv
561,Plaza República de Chile,Pza. Rep. de Chile,Plaza,PLAZA,No informado,"DEL LIBERTADOR, AV. - TAGLE - PROPIEDAD PARTICULAR - FIGUEROA ALCORTA, PRES., AV. - CASTILLA, RAMON, MCAL.",Palermo,14,SI,25501.070788374265,2865.712649730045,-34.5808728617,-58.3993203255,-34.5813908075,-58.3999727297,Punto representativo interno del componente principal,1,82.96,0,17,1,La ubicación menciona propiedad particular; confirmar acceso,"Plaza según clasificación oficial, sin conflicto textual",EPSG:4326,espacio_verde_publico.csv
563,Plaza de Isidora,Pza. de Isidora,Plaza,PLAZA,No informado,CAAGUAZU ENTRE LARRAZABAL Y FONROUGE,Liniers,9,SI,2687.9845654972555,552.1511798759695,-34.6419155803,-58.5134711159,-34.6419155803,-58.5134711159,Centroide geométrico,0,0.00,0,4,0,No aplica,"Plaza según clasificación oficial, sin conflicto textual",EPSG:4326,espacio_verde_publico.csv
610,Plaza Barrancas de Belgrano,Pza. Barrancas de Belgrano,Plaza,PLAZA,No informado,"VERTIZ, VIRREY, AV. - JURAMENTO - ZAVALIA -ECHEVERRIA / 11 DE SEPTIEMBRE - LA PAMPA -VERTIZ, VIRREY, AV - SUCRE, ANTONIO JOSE DE, MCAL.",Belgrano,13,SI,21096.81193066511,4351.227505817246,-34.5590478071,-58.4503290419,-34.5599653901,-58.4492140814,Punto representativo interno del componente principal,1,144.31,0,44,0,No aplica,"Plaza según clasificación oficial, sin conflicto textual",EPSG:4326,espacio_verde_publico.csv
617,Plaza Jamaica,Pza. Jamaica,Plaza,PLAZA,No informado,BURELA - MOSCU - ESTOCOLMO (BARRIO PARQUE CHAS),Parque Chas,15,NO,647.7327150971913,115.98910780230206,-34.5889211757,-58.4829446369,-34.5889211757,-58.4829446369,Centroide geométrico,0,0.00,0,1,0,No aplica,"Plaza según clasificación oficial, sin conflicto textual",EPSG:4326,espacio_verde_publico.csv
625,Plaza Don Bosco,Pza. Don Bosco,Plaza,PLAZA,No informado,"LOPEZ DE VEGA - MIRANDA - CALDERON DE LA BARCA, PEDRO - GONZALEZ, ELPIDIO (EXCLUIDO HOSPITAL)",Monte Castro,10,SI,8025.485395842972,1297.0352205451711,-34.6256737510,-58.5077977585,-34.6259298145,-58.5082303815,Punto representativo interno del componente principal,1,48.79,0,10,0,No aplica,"Plaza según clasificación oficial, sin conflicto textual",EPSG:4326,espacio_verde_publico.csv
626,Plaza Nicaragua,Pza. Nicaragua,Plaza,PLAZA,No informado,"PEPIRI - PAZ, JOSE C. - ELIA",Parque Patricios,4,SI,5442.012824762575,867.3688890277504,-34.6452892281,-58.4088932868,-34.6452892281,-58.4088932868,Centroide geométrico,0,0.00,0,5,0,No aplica,"Plaza según clasificación oficial, sin conflicto textual",EPSG:4326,espacio_verde_publico.csv
627,Plaza Monserrat,Pza. Monserrat,Plaza,PLAZA,No informado,SAN JOSE - MEXICO - CHILE - SANTIAGO DEL ESTERO,Monserrat,1,SI,575.2393410748585,325.13808861668304,-34.6158986931,-58.3854978405,-34.6158986931,-58.3854978405,Centroide geométrico,0,0.00,0,4,0,No aplica,"Plaza según clasificación oficial, sin conflicto textual",EPSG:4326,espacio_verde_publico.csv
630,Plaza Güemes,Pza. Güemes,Plaza,PLAZA,No informado,"SALGUERO, JERONIMO - MANSILLA, LUCIO NORBERTO, GRAL. - CHARCAS - MEDRANO, AV.",Palermo,14,SI,1240.6223188380613,365.0675259303255,-34.5895051433,-58.4166223648,-34.5894403092,-58.4163424021,Punto representativo interno del componente principal,1,26.67,0,5,0,No aplica,"Plaza según clasificación oficial, sin conflicto textual",EPSG:4326,espacio_verde_publico.csv
633,Plaza Venezuela,Pza. Venezuela,Plaza,PLAZA,No informado,"FIGUEROA ALCORTA, PRES., AV. - AUSTRIA - VIAS DEL FCGBM - LINEA PARALELA A LA CALLETAGLE",Recoleta,2,NO,3035.157418919987,435.3466911487058,-34.5802300090,-58.3954357623,-34.5802300090,-58.3954357623,Centroide geométrico,0,0.00,0,2,0,No aplica,"Plaza según clasificación oficial, sin conflicto textual",EPSG:4326,espacio_verde_publico.csv
635,Plaza Joaquín Sánchez,Pza. Joaquín Sánchez,Plaza,PLAZA,No informado,"VUELTA DE OBLIGADO - JURAMENTO - SAGASTA ISLA, JOSE MARIA",Belgrano,13,NO,151.8265935144206,81.4310004792257,-34.5619529096,-58.4558499030,-34.5618808491,-58.4557982898,Punto representativo interno del componente principal,1,9.29,0,3,0,No aplica,"Plaza según clasificación oficial, sin conflicto textual",EPSG:4326,espacio_verde_publico.csv
637,Plaza de las Escuelas,Pza. de las Escuelas,Plaza,PLAZA,No informado,"LARRAZABAL, AV. - DESCALZI, NICOLAS",Villa Lugano,8,SI,2443.1838866403214,369.98839321822743,-34.6825984808,-58.4631925320,-34.6825984808,-58.4631925320,Centroide geométrico,0,0.00,0,3,0,No aplica,"Plaza según clasificación oficial, sin conflicto textual",EPSG:4326,espacio_verde_publico.csv
638,Plaza Ildefonso F. C. Martínez,Pza. Ildefonso F. C. Martínez,Plaza,PLAZA,No informado,"MOLDES - GARCIA DEL RIO, AV. (N) - AMENABAR - GARCIA DEL RIO, AV. (S)",Saavedra,12,NO,1802.7047787201031,385.8865631209758,-34.5489969225,-58.4715344843,-34.5489969225,-58.4715344843,Centroide geométrico,0,0.00,0,2,0,No aplica,"Plaza según clasificación oficial, sin conflicto textual",EPSG:4326,espacio_verde_publico.csv
643,Plaza Dante,Pza. Dante,Plaza,PLAZA,No informado,"DEL LIBERTADOR, AV. - PUEYRREDON, AV. - FIGUEROA ALCORTA, PRES., AV. - PETTORUTI, EMILIO",Recoleta,2,NO,4608.359368772638,441.1312295385627,-34.5846641353,-58.3905817027,-34.5846641353,-58.3905817027,Centroide geométrico,0,0.00,0,2,0,No aplica,"Plaza según clasificación oficial, sin conflicto textual",EPSG:4326,espacio_verde_publico.csv
644,Plaza El Maestro,Pza. El Maestro,Plaza,PLAZA,No informado,"BEIRO, FRANCISCO AV. - LISTA, RAMON, CNEL. - CALDERON DE LA BARCA, PEDRO, CNEL. - CERVANTES",Villa Devoto,11,NO,416.38793363842615,131.5085095351499,-34.6119935275,-58.5215266887,-34.6119935275,-58.5215266887,Centroide geométrico,0,0.00,0,1,0,No aplica,"Plaza según clasificación oficial, sin conflicto textual",EPSG:4326,espacio_verde_publico.csv
645,Plaza Presidente Juan Domingo Perón,Pza. Pte. Juan Domingo Perón,Plaza,PLAZA,No informado,BELGRANO AV - MORENO - AZOPARDO - PASEO COLON AV,Monserrat,1,NO,5686.125038027683,1739.9291345072352,-34.6114854840,-58.3689283020,-34.6116736300,-58.3686623715,Punto representativo interno del componente principal,1,32.10,0,25,0,No aplica,"Plaza según clasificación oficial, sin conflicto textual",EPSG:4326,espacio_verde_publico.csv
646,Plaza Virrey Vértiz,Pza. Virrey Vértiz,Plaza,PLAZA,No informado,"HERRERA - VALLE, ARISTOBULO DEL - HORNOS GRAL. - BRANDSEN",Barracas,4,SI,8878.301729729554,2118.296677808879,-34.6373562818,-58.3769864765,-34.6373575516,-58.3772427807,Punto representativo interno del componente principal,1,23.50,1,16,0,No aplica,"Plaza según clasificación oficial, sin conflicto textual",EPSG:4326,espacio_verde_publico.csv
647,Plaza De La Republica,Pza. De La Republica,Plaza,PLAZA,No informado,"9 DE JULIO, AV. - CORRIENTES, AV. - SAENZ PEÑA, ROQUE, PRES., AV.",San Nicolas,1,NO,3161.7935698868328,2005.8149437528537,-34.6042919591,-58.3815791423,-34.6037570602,-58.3816076646,Punto representativo interno del componente principal,1,59.38,0,21,0,No aplica,"Plaza según clasificación oficial, sin conflicto textual",EPSG:4326,espacio_verde_publico.csv
650,Plaza de Cataluña,Pza. de Cataluña,Plaza,PLAZA,No informado,"9 DE JULIO, AV. - CERRITO - ARROYO - POSADAS",Retiro,1,NO,1607.5522056372486,527.5219815737079,-34.5911272860,-58.3824749597,-34.5911272860,-58.3824749597,Centroide geométrico,0,0.00,0,4,0,No aplica,"Plaza según clasificación oficial, sin conflicto textual",EPSG:4326,espacio_verde_publico.csv
662,Parque Presidente Sarmiento,Pque. Pdte. Sarmiento,Parque,PARQUE,No informado,No informado,Saavedra,12,SI,460269.7832197756,27127.39536732955,-34.5582224226,-58.4996239367,-34.5582224226,-58.4996239367,Centroide geométrico,0,0.00,0,81,0,No aplica,"Parque según clasificación oficial y superficie >= 1,000 m²",EPSG:4326,espacio_verde_publico.csv
663,Plaza Democracia,Pza. Democracia,Plaza,PLAZA,No informado,No informado,Villa Lugano,8,SI,30374.37429414874,5286.7467882537085,-34.6904732664,-58.4636978514,-34.6904732664,-58.4636978514,Centroide geométrico,0,0.00,0,27,0,No aplica,"Plaza según clasificación oficial, sin conflicto textual",EPSG:4326,espacio_verde_publico.csv
664,Ciudad del Rock,Parque Ciudad del Rock,Parque,PARQUE,No informado,No informado,Villa Soldati,8,SI,504480.1598384356,40169.20434901521,-34.6709424636,-58.4501760402,-34.6709424636,-58.4501760402,Centroide geométrico,0,0.00,1,154,1,Ciudad del Rock: confirmar uso familiar habitual,"Parque según clasificación oficial y superficie >= 1,000 m²",EPSG:4326,espacio_verde_publico.csv
676,Plaza José Martí,Pza. José Martí,Plaza,PLAZA,No informado,"ZUVIRIA - LEVALLE, NICOLAS, TTE. GRAL. - ALVAREZ, CRISOSTOMO - ACOSTA, MARIANO - AUTOPISTA PERITO MORENO (AU 6)",Flores,7,SI,3419.7198567490864,790.0279541814289,-34.6497331766,-58.4635510198,-34.6497331766,-58.4635510198,Centroide geométrico,0,0.00,0,2,0,No aplica,"Plaza según clasificación oficial, sin conflicto textual",EPSG:4326,espacio_verde_publico.csv
679,Plaza Esther Ballestrino de Careaga,Pza. Esther Ballestrino de Careaga,Plaza,PLAZA,No informado,AU 25 DE MAYO E/ALBERTI Y COCHABAMBA,San Cristobal,3,NO,147.75598046014025,119.00857213992589,-34.6253534860,-58.4003728505,-34.6253534860,-58.4003728505,Centroide geométrico,0,0.00,0,4,0,No aplica,"Plaza según clasificación oficial, sin conflicto textual",EPSG:4326,espacio_verde_publico.csv
680,Plaza Libertad,Pza. Libertad,Plaza,PLAZA,No informado,"LIBERTAD - ALVEAR, MARCELO T. DE - CERRITO - PARAGUAY",Retiro,1,NO,9713.802274412663,1959.0012252068527,-34.5974507320,-58.3834535115,-34.5974507320,-58.3834535115,Centroide geométrico,0,0.00,0,18,0,No aplica,"Plaza según clasificación oficial, sin conflicto textual",EPSG:4326,espacio_verde_publico.csv
682,Plaza Paseo del Riachuelo,Pza. Paseo del Riachuelo,Plaza,PLAZA,No informado,"ROMERO - BERUTI, ARTURO - RIACHUELO",Nueva Pompeya,4,SI,1864.6366182213517,719.0026557138323,-34.6576346522,-58.4117213521,-34.6578219315,-58.4122494307,Punto representativo interno del componente principal,1,52.67,0,6,0,No aplica,"Plaza según clasificación oficial, sin conflicto textual",EPSG:4326,espacio_verde_publico.csv
683,Plaza Lola Mora,Pza. Lola Mora,Plaza,PLAZA,No informado,"SAN JUAN, AV. - CEVALLOS - SAENZ PEÑA, LUIS, PRES.",Constitucion,1,SI,1137.9455376534172,322.7831213070529,-34.6228026108,-58.3881227572,-34.6228188559,-58.3882609182,Punto representativo interno del componente principal,1,12.80,0,3,0,No aplica,"Plaza según clasificación oficial, sin conflicto textual",EPSG:4326,espacio_verde_publico.csv
685,Plaza Jardín de Esculturas,Pza. Jardín de Esculturas,Plaza,PLAZA,No informado,HUSARES - PROPIEDAD PARTICULAR - CAZADORES - PROPIEDAD PARTICULA - MONROE,Belgrano,13,NO,772.8132620528926,315.29016305450705,-34.5499644277,-58.4452526325,-34.5500105632,-58.4453901735,Punto representativo interno del componente principal,1,13.62,0,9,1,La ubicación menciona propiedad particular; confirmar acceso,"Plaza según clasificación oficial, sin conflicto textual",EPSG:4326,espacio_verde_publico.csv
734,Plaza Glorias del Automovilismo Argentino,Pza. Glorias del Automovilismo Argentino,Plaza,PLAZA,No informado,"PAZ, GRAL., AV. - FERRE - SALADILLO - ROCA, CNEL., AV.",Villa Riachuelo,8,NO,2000.5253227193473,264.7608485323104,-34.6974138474,-58.4698219010,-34.6974138474,-58.4698219010,Centroide geométrico,0,0.00,0,1,0,No aplica,"Plaza según clasificación oficial, sin conflicto textual",EPSG:4326,espacio_verde_publico.csv
744,No informado,No informado,Plaza,PLAZA,No informado,ERCILLA (NO ) - FRAGATA HERCULES - ERCILLA (SE) - FRAGATA TRINIDAD,Mataderos,9,NO,107.17789558225545,113.97479524613134,-34.6572287964,-58.5200368409,-34.6572287964,-58.5200368409,Centroide geométrico,0,0.00,0,1,1,Plaza sin nombre y menor a 500 m²; confirmar que sea un espacio independiente,"Plaza según clasificación oficial, sin conflicto textual",EPSG:4326,espacio_verde_publico.csv
770,No informado,No informado,Plaza,PLAZA,No informado,"PASEO COLON, AV., SUBIDA AU 25 DE MAYO",San Telmo,1,NO,739.4139604483375,185.32366419516833,-34.6216345821,-58.3662857339,-34.6216876213,-58.3663925374,Punto representativo interno del componente principal,1,11.42,0,2,0,No aplica,"Plaza según clasificación oficial, sin conflicto textual",EPSG:4326,espacio_verde_publico.csv
774,No informado,No informado,Plaza,PLAZA,No informado,"OCAMPO, VICTORIA - MANSO, JUANA - TRINIDAD, GUEVARA - DEALESSI, PIERINA",Puerto Madero,1,NO,4307.6488886807065,679.0834671081179,-34.6026409080,-58.3646099697,-34.6026255237,-58.3644433669,Punto representativo interno del componente principal,1,15.37,0,1,0,No aplica,"Plaza según clasificación oficial, sin conflicto textual",EPSG:4326,espacio_verde_publico.csv
798,Plaza del Lector,Pza. del Lector,Plaza,PLAZA,No informado,"AGUERO - LAS HERAS, GRL., AV.",Recoleta,2,NO,1251.6938133172425,603.6740294171502,-34.5853403484,-58.3986909255,-34.5852881518,-58.3988255136,Punto representativo interno del componente principal,1,13.64,0,8,0,No aplica,"Plaza según clasificación oficial, sin conflicto textual",EPSG:4326,espacio_verde_publico.csv
806,Plaza Villa Real,Pza. Va. Real,Plaza,PLAZA,No informado,"BRUSELAS - VARELA, JOSE P. - SIMBRON - IRIGOYEN",Villa Real,10,SI,7593.446924857127,1028.5021014925494,-34.6204211090,-58.5274194926,-34.6204072333,-58.5277747499,Punto representativo interno del componente principal,1,32.61,0,7,0,No aplica,"Plaza según clasificación oficial, sin conflicto textual",EPSG:4326,espacio_verde_publico.csv
813,Plaza Cnel. Dorrego,Pza. Cnel. Dorrego,Plaza,PLAZA,No informado,"DEFENSA - HUMBERTO I° - AIETA, ANSELMO, DON - BETHLEM",San Telmo,1,NO,388.9220999211358,196.03189092004772,-34.6205554801,-58.3718473128,-34.6204825636,-58.3717580337,Punto representativo interno del componente principal,1,11.51,0,4,0,No aplica,"Plaza según clasificación oficial, sin conflicto textual",EPSG:4326,espacio_verde_publico.csv
826,Plaza Quinquela Martín,Pza. Quinquela Martín,Plaza,PLAZA,No informado,ISABEL LA CATOLICA - SUAREZ,Barracas,4,NO,206.71104898395131,56.34865780713635,-34.6387179768,-58.3731499635,-34.6387179768,-58.3731499635,Centroide geométrico,0,0.00,0,1,0,No aplica,"Plaza según clasificación oficial, sin conflicto textual",EPSG:4326,espacio_verde_publico.csv
830,Plaza Paseo de la Paz,Pza. Paseo de la Paz,Plaza,PLAZA,No informado,"HOLMBERG E/MONROE, AV. - BLANCO ENCALADA",Villa Urquiza,12,NO,532.5978283176555,277.9010170427332,-34.5693341637,-58.4770151456,-34.5693341637,-58.4770151456,Centroide geométrico,0,0.00,0,6,0,No aplica,"Plaza según clasificación oficial, sin conflicto textual",EPSG:4326,espacio_verde_publico.csv
850,Plaza Primera Junta,Pza. Primera Junta,Plaza,PLAZA,No informado,"RIVADAVIA, AV. (S) - DEL BARCO CENTENERA - RIVADAVIA, AV. (N)",Caballito,6,NO,141.77247298396844,187.20593411823734,-34.6208393529,-58.4415373875,-34.6208918943,-58.4419046561,Punto representativo interno del componente principal,1,34.18,0,14,0,No aplica,"Plaza según clasificación oficial, sin conflicto textual",EPSG:4326,espacio_verde_publico.csv
871,Parque Centenario,Pque. Centenario,Parque,PARQUE,No informado,"DIAZ VELEZ, AV. - MARECHAL, LEOPOLDO - PATRICIAS ARGENTINAS, AV.",Caballito,6,SI,71467.7306979733,12897.171878859692,-34.6077338828,-58.4369359066,-34.6067036709,-58.4355405410,Punto representativo interno del componente principal,1,171.55,0,102,0,No aplica,"Parque según clasificación oficial y superficie >= 1,000 m²",EPSG:4326,espacio_verde_publico.csv
872,Parque Chacabuco,Pque. Chacabuco,Parque,PARQUE,No informado,"PERON, EVA, AV.- CURAPALIGUE - ASAMBLEA, AV. - MITRE, EMILIO",Parque Chacabuco,7,SI,125688.98423535576,18986.00431791209,-34.6341768918,-58.4428109063,-34.6341768918,-58.4428109063,Centroide geométrico,0,0.00,0,128,0,No aplica,"Parque según clasificación oficial y superficie >= 1,000 m²",EPSG:4326,espacio_verde_publico.csv
873,Parque Patricios,Pque. Patricios,Parque,PARQUE,No informado,"CASEROS, AV. - MONTEAGUDO - USPALLATA - ALMAFUERTE, AV.",Parque Patricios,4,SI,78145.93441037979,10602.468139010656,-34.6388682836,-58.4082047283,-34.6388682836,-58.4082047283,Centroide geométrico,0,0.00,1,63,0,No aplica,"Parque según clasificación oficial y superficie >= 1,000 m²",EPSG:4326,espacio_verde_publico.csv
874,Parque Avellaneda,Pque. Avellaneda,Parque,PARQUE,No informado,"DIRECTORIO, AV. - LACARRA, AV. - MONTE - AUTOPISTA PERITO MORENO (AU 6) - AMEGHINO, FLORENTINO, DR.",Parque Avellaneda,9,SI,306778.2108484842,24906.277384926827,-34.6452883379,-58.4789413490,-34.6452883379,-58.4789413490,Centroide geométrico,0,0.00,0,86,0,No aplica,"Parque según clasificación oficial y superficie >= 1,000 m²",EPSG:4326,espacio_verde_publico.csv
875,Parque Los Andes,Pque. Los Andes,Parque,PARQUE,No informado,"CORRIENTES, AV. - DORREGO, AV. - GUZMAN, AV. - LACROZE, FEDERICO, AV.",Chacarita,15,SI,62338.96854904918,6317.09936178442,-34.5900021706,-58.4509013152,-34.5900021706,-58.4509013152,Centroide geométrico,0,0.00,0,44,0,No aplica,"Parque según clasificación oficial y superficie >= 1,000 m²",EPSG:4326,espacio_verde_publico.csv
876,Plaza Int. Francisco Seeber,Pza. Int. Francisco Seeber,Plaza,PLAZA,No informado,"SARMIENTO, AV. - KENNEDY, JOHN F. - DEL LIBERTADOR, AV. - COLOMBIA, AV.",Palermo,14,NO,35805.58317890713,3980.6073556804427,-34.5762878793,-58.4172896299,-34.5753762458,-58.4172914755,Punto representativo interno del componente principal,1,101.11,0,25,0,No aplica,"Plaza según clasificación oficial, sin conflicto textual",EPSG:4326,espacio_verde_publico.csv
877,Plaza Arenales,Pza. Arenales,Plaza,PLAZA,No informado,MERCEDES - BAHIA BLANCA - NUEVA YORK - PAREJA,Villa Devoto,11,SI,23515.03438795712,2958.610458767538,-34.5995274850,-58.5131500038,-34.5993627863,-58.5122468133,Punto representativo interno del componente principal,1,84.83,0,19,0,No aplica,"Plaza según clasificación oficial, sin conflicto textual",EPSG:4326,espacio_verde_publico.csv
878,Plaza de la Constitución,Pza. de la Constitución,Plaza,PLAZA,No informado,"BRASIL, AV. - LIMA (E) - GARAY, JUAN DE, AV. - LIMA (O)",Constitucion,1,NO,14397.920054638029,2949.2935426815106,-34.6252617313,-58.3816296845,-34.6258769201,-58.3813054023,Punto representativo interno del componente principal,1,74.43,0,39,0,No aplica,"Plaza según clasificación oficial, sin conflicto textual",EPSG:4326,espacio_verde_publico.csv
879,Plaza Primero de Mayo,Pza. Primero de Mayo,Plaza,PLAZA,No informado,"ALSINA, ADOLFO - PASCO - YRIGOYEN, HIPOLITO - PICHINCHA",Balvanera,3,SI,7470.436258333919,1661.9584984465032,-34.6113945886,-58.3984817395,-34.6113521380,-58.3981378188,Punto representativo interno del componente principal,1,31.89,0,22,0,No aplica,"Plaza según clasificación oficial, sin conflicto textual",EPSG:4326,espacio_verde_publico.csv
880,Parque Lezama,Pque. Lezama,Parque,PARQUE,No informado,"PASEO COLON, AV. - GARCIA, MARTIN, AV. - DEFENSA - BRASIL, AV.",San Telmo,1,SI,45988.20623028754,8772.055674071034,-34.6267189415,-58.3695749110,-34.6267189415,-58.3695749110,Centroide geométrico,0,0.00,0,80,0,No aplica,"Parque según clasificación oficial y superficie >= 1,000 m²",EPSG:4326,espacio_verde_publico.csv
881,Plaza Lavalle,Pza. Lavalle,Plaza,PLAZA,No informado,"LAVALLE - LIBERTAD - CORDOBA, AV. - TALCAHUANO",San Nicolas,1,SI,25131.22390931045,4223.417865280933,-34.6021275765,-58.3849101013,-34.6009253692,-58.3846047327,Punto representativo interno del componente principal,1,136.25,0,42,0,No aplica,"Plaza según clasificación oficial, sin conflicto textual",EPSG:4326,espacio_verde_publico.csv
882,Plaza San Martín,Pza. Lib. Gral. San Martín,Plaza,PLAZA,No informado,"DEL LIBERTADOR, Av. - SANTA FE, AV. - ESMERALDA - ARENALES - CRUCERO GENERAL BELGRANO - FLORIDA - SAN MARTÍN",Retiro,1,SI,31635.49515456746,4103.430900107137,-34.5941770520,-58.3759369109,-34.5946362457,-58.3756188104,Punto representativo interno del componente principal,1,58.69,0,35,0,No aplica,"Plaza según clasificación oficial, sin conflicto textual",EPSG:4326,espacio_verde_publico.csv
883,Plaza 25 de Mayo,Pza. 25 de Mayo,Plaza,PLAZA,No informado,"RIVADAVIA, AV. - BALCARCE - YRIGOYEN, HIPOLITO - BOLIVAR",Monserrat,1,NO,8492.125425691782,1905.1053736293147,-34.6084299513,-58.3721592780,-34.6084299513,-58.3721592780,Centroide geométrico,0,0.00,0,15,0,No aplica,"Plaza según clasificación oficial, sin conflicto textual",EPSG:4326,espacio_verde_publico.csv
884,Plaza Rodríguez Peña,Pza. Rodríguez Peña,Plaza,PLAZA,No informado,"CALLAO, AV.- ALVEAR, MARCELO T. DE - RODRIGUEZ PEÑA - PARAGUAY",Recoleta,2,SI,8281.374173686496,1559.0888481045702,-34.5984614742,-58.3921072319,-34.5979583142,-58.3923567350,Punto representativo interno del componente principal,1,60.32,0,21,0,No aplica,"Plaza según clasificación oficial, sin conflicto textual",EPSG:4326,espacio_verde_publico.csv
885,Plaza Italia,Pza. Italia,Plaza,PLAZA,No informado,"SANTA FE, AV. - LAS HERAS, AV. - SERRANO - THAMES",Palermo,14,NO,2832.1304852961835,1259.188547156453,-34.5812031264,-58.4205917508,-34.5812057844,-58.4208661261,Punto representativo interno del componente principal,1,25.17,0,28,0,No aplica,"Plaza según clasificación oficial, sin conflicto textual",EPSG:4326,espacio_verde_publico.csv
886,Plaza Pueyrredón,Pza. Pueyrredón,Plaza,PLAZA,No informado,"RIVADAVIA, AV. - ARTIGAS, JOSE G., GRAL. - YERBAL - FRAY CAYETANO RODRIGUEZ",Flores,7,SI,6786.843487759706,1216.226225716945,-34.6284074659,-58.4636987499,-34.6284074659,-58.4636987499,Centroide geométrico,0,0.00,0,11,0,No aplica,"Plaza según clasificación oficial, sin conflicto textual",EPSG:4326,espacio_verde_publico.csv
887,Plaza Francia,Pza. Francia,Plaza,PLAZA,No informado,"DEL LIBERTADOR, AV. - PUEYRREDON, AV. - LEVENE, RICARDO, DR., AV. - AGOTE, LUIS, DR.",Recoleta,2,NO,7382.641685412082,1464.0071905534458,-34.5845485926,-58.3939412257,-34.5848630717,-58.3933077721,Punto representativo interno del componente principal,1,67.77,0,16,0,No aplica,"Plaza según clasificación oficial, sin conflicto textual",EPSG:4326,espacio_verde_publico.csv
888,Plaza Matheu,Pza. Matheu,Plaza,PLAZA,No informado,"MAGALLANES - HERNANDARIAS - ARAOZ DE LAMADRID G., GRAL. - IRALA",La Boca,4,SI,4455.4505890262435,1656.5085864473265,-34.6402755254,-58.3673200204,-34.6401979563,-58.3668713711,Punto representativo interno del componente principal,1,42.02,0,13,0,No aplica,"Plaza según clasificación oficial, sin conflicto textual",EPSG:4326,espacio_verde_publico.csv
889,Plaza Alberti,Pza. Alberti,Plaza,PLAZA,No informado,"ARCOS - UGARTE, MANUEL - O'HIGGINS - ROOSEVELT, FRANKLIN D.",Belgrano,13,SI,6247.091205241133,1343.995446488926,-34.5550113590,-58.4578190043,-34.5550113590,-58.4578190043,Centroide geométrico,0,0.00,0,14,0,No aplica,"Plaza según clasificación oficial, sin conflicto textual",EPSG:4326,espacio_verde_publico.csv
890,Plaza Solis,Pza. Solis,Plaza,PLAZA,No informado,"OLAVARRIA - BRIN, MINISTRO - SUAREZ - CABOTO",La Boca,4,SI,5840.398749824379,960.9311926690699,-34.6346221847,-58.3550395547,-34.6344445375,-58.3552991685,Punto representativo interno del componente principal,1,30.90,0,5,0,No aplica,"Plaza según clasificación oficial, sin conflicto textual",EPSG:4326,espacio_verde_publico.csv
891,Plaza Garay,Pza. Garay,Plaza,PLAZA,No informado,"GARAY, JUAN DE, AV. - SOLIS - PAVON - SAENZ PEÑA, LUIS, PRES.",Constitucion,1,SI,9695.668513305409,1909.9183678984205,-34.6266425509,-58.3883148299,-34.6266425509,-58.3883148299,Centroide geométrico,0,0.00,0,24,0,No aplica,"Plaza según clasificación oficial, sin conflicto textual",EPSG:4326,espacio_verde_publico.csv
892,Plaza Sudamérica,Pza. Sudamérica,Plaza,PLAZA,No informado,"GUAMINI - FERNANDEZ DE LA CRUZ, FRANCISCO, GRAL., AV. - PIEDRA BUENA, AV. - ITAQUI",Villa Riachuelo,8,SI,6908.716196975354,2647.9048668429964,-34.6887510055,-58.4748318406,-34.6883653358,-58.4750844035,Punto representativo interno del componente principal,1,48.63,0,20,0,No aplica,"Plaza según clasificación oficial, sin conflicto textual",EPSG:4326,espacio_verde_publico.csv
893,Balneario Sud,Pque. Balneario Sud,Parque,PARQUE,No informado,"ACHAVAL RODRIGUEZ, TRISTAN, DR., AV. E/ SANCHEZ DE THOMPSON, MARIQUITA Y PAREJA, FRANCISCO, ALFEREZ DE NAVIO",Puerto Madero,1,NO,139383.32348984625,6197.21284741851,-34.6150646256,-58.3518184000,-34.6150646256,-58.3518184000,Centroide geométrico,0,0.00,0,14,0,No aplica,"Parque según clasificación oficial y superficie >= 1,000 m²",EPSG:4326,espacio_verde_publico.csv
894,José E. Uriburu,Pque. José E. Uriburu,Parque,PARQUE,No informado,"ALMAFUERTE, AV. - LOS PATOS - PEPIRI - CHUTRO, PEDRO, PROF., DR.",Parque Patricios,4,SI,24707.162796636632,2790.255036478977,-34.6423402084,-58.4102974935,-34.6421479597,-58.4110311480,Punto representativo interno del componente principal,1,70.55,0,14,0,No aplica,"Parque según clasificación oficial y superficie >= 1,000 m²",EPSG:4326,espacio_verde_publico.csv
895,Plaza 25 de Agosto,Pza. 25 de Agosto,Plaza,PLAZA,No informado,HEREDIA - 14 DE JULIO - GIRIBONE - CHARLONE,Villa Ortuzar,15,SI,6659.916172243478,1231.649745587978,-34.5801721676,-58.4625306738,-34.5801721676,-58.4625306738,Centroide geométrico,0,0.00,0,10,0,No aplica,"Plaza según clasificación oficial, sin conflicto textual",EPSG:4326,espacio_verde_publico.csv
896,Plaza Vélez Sarsfield,Pza. Vélez Sarsfield,Plaza,PLAZA,No informado,"AVELLANEDA, AV. - BAHIA BLANCA - BOGOTA - CHIVILCOY",Floresta,10,SI,8916.765608188605,1603.830374923252,-34.6299185330,-58.4822392818,-34.6298993623,-58.4827858081,Punto representativo interno del componente principal,1,50.15,0,14,0,No aplica,"Plaza según clasificación oficial, sin conflicto textual",EPSG:4326,espacio_verde_publico.csv
897,Plaza Díaz Vélez,Pza. Díaz Vélez,Plaza,PLAZA,No informado,"GONCALVES DIAS - JORGE - SAN ANTONIO - CRUZ, OSVALDO, AV.",Barracas,4,SI,2222.023601122126,733.7408886475412,-34.6525314430,-58.3778613543,-34.6526072801,-58.3777358316,Punto representativo interno del componente principal,1,14.25,0,12,0,No aplica,"Plaza según clasificación oficial, sin conflicto textual",EPSG:4326,espacio_verde_publico.csv
898,Plaza Echeverría,Pza. Echeverría,Plaza,PLAZA,No informado,"RIVERA, PEDRO I., DR. - BAUNESS - NAHUEL HUAPI - CAPDEVILA, ARTURO",Villa Urquiza,12,SI,4351.486077366189,1132.1606018082107,-34.5719982574,-58.4896094652,-34.5720245918,-58.4893266898,Punto representativo interno del componente principal,1,26.11,0,10,0,No aplica,"Plaza según clasificación oficial, sin conflicto textual",EPSG:4326,espacio_verde_publico.csv
899,Plaza Castelli,Pza. Castelli,Plaza,PLAZA,No informado,"JURAMENTO - CONDE - ECHEVERRIA - FREIRE, RAMON, CAP. GRL. - VIAS DEL FGBM",Belgrano,13,SI,6446.880141546526,1361.6548037921661,-34.5672544313,-58.4644055868,-34.5674498432,-58.4645858393,Punto representativo interno del componente principal,1,27.26,0,9,0,No aplica,"Plaza según clasificación oficial, sin conflicto textual",EPSG:4326,espacio_verde_publico.csv
900,Plaza Gral. Benito Nazar,Pza. Gral. Benito Nazar,Plaza,PLAZA,No informado,"VIRASORO, VALENTIN - FIGUEROA, APOLINARIO, CNEL. - OLAYA - ANTEZANA",Villa Crespo,15,SI,4468.577647443391,910.2350627506096,-34.6048601340,-58.4454946351,-34.6048601340,-58.4454946351,Centroide geométrico,0,0.00,0,10,0,No aplica,"Plaza según clasificación oficial, sin conflicto textual",EPSG:4326,espacio_verde_publico.csv
901,Plaza Padre L. Massa,Pza. Padre L. Massa,Plaza,PLAZA,No informado,"MARMOL, JOSE - SUPERMERCADO CARREFOUR",Boedo,5,NO,2856.8665003867695,991.5114395692227,-34.6352470730,-58.4224741681,-34.6351950823,-58.4226785314,Punto representativo interno del componente principal,1,19.60,0,10,0,No aplica,"Plaza según clasificación oficial, sin conflicto textual",EPSG:4326,espacio_verde_publico.csv
902,Plaza Ing. Estévez,Pza. Ing. Estévez,Plaza,PLAZA,No informado,"DELLEPIANE, LUIS J., TTE. GRAL., AV. - LACARRA, AV. - ALVAREZ, CRISOSTOMO - FERNANDEZ",Parque Avellaneda,9,SI,12104.799369549368,1339.1222720956887,-34.6528680259,-58.4671507713,-34.6528774034,-58.4667097252,Punto representativo interno del componente principal,1,40.44,0,6,0,No aplica,"Plaza según clasificación oficial, sin conflicto textual",EPSG:4326,espacio_verde_publico.csv
903,Plaza Brown,Pza. Brown,Plaza,PLAZA,No informado,"IRALA - SALVADORES, CNEL. - ALVAR NUÑEZ - CALIFORNIA",La Boca,4,SI,4943.56793128719,1353.7208008037035,-34.6447900047,-58.3644456743,-34.6448308490,-58.3646428958,Punto representativo interno del componente principal,1,18.64,0,34,0,No aplica,"Plaza según clasificación oficial, sin conflicto textual",EPSG:4326,espacio_verde_publico.csv
904,"Plaza 24 de Septiembre, Batalla de Tucumán","Pza. 24 de Septiembre, Batalla de Tucumán",Plaza,PLAZA,No informado,"SAN MARTIN, AV. - FIGUEROA, APOLINARIO, CNEL. - ROJAS - ANTESANA",Villa Crespo,15,SI,2494.541237609634,613.5932963335612,-34.6065002825,-58.4484573813,-34.6067652014,-58.4483069146,Punto representativo interno del componente principal,1,32.46,0,9,0,No aplica,"Plaza según clasificación oficial, sin conflicto textual",EPSG:4326,espacio_verde_publico.csv
906,Plaza del Congreso,Pza. del Congreso,Plaza,PLAZA,No informado,"ENTRE RIOS, AV. - RIVADAVIA, AV. - DE MAYO, AV. - SAEZ PEÑA, LUIS, PRES., AV. - YRIGOYEN, HIPOLITO.",Monserrat,1,NO,2468.7571235347255,761.2148082670681,-34.6097553711,-58.3899041162,-34.6097553711,-58.3899041162,Centroide geométrico,0,0.00,0,7,0,No aplica,"Plaza según clasificación oficial, sin conflicto textual",EPSG:4326,espacio_verde_publico.csv
907,Plaza Dr. J. M. Velasco Ibarra,Pza. Dr. J. M. Velasco Ibarra,Plaza,PLAZA,No informado,"JUJUY, Av y MÉXICO",Balvanera,3,SI,4177.358516008391,981.7229001354598,-34.6175077067,-58.4036848955,-34.6173186337,-58.4034282614,Punto representativo interno del componente principal,1,31.52,0,10,0,No aplica,"Plaza según clasificación oficial, sin conflicto textual",EPSG:4326,espacio_verde_publico.csv
909,Plaza Cnel. Martín Irigoyen,Pza. Cnel. Martín Irigoyen,Plaza,PLAZA,No informado,"FONROUGE - GARCIA DE COSSIO - LARRAZABAL, AV. - CAAGUAZU - PROPIEDAD PARTICULAR",Liniers,9,SI,4151.011092611757,718.11360269533,-34.6422654699,-58.5127121102,-34.6426361970,-58.5125788283,Punto representativo interno del componente principal,1,42.90,0,7,1,La ubicación menciona propiedad particular; confirmar acceso,"Plaza según clasificación oficial, sin conflicto textual",EPSG:4326,espacio_verde_publico.csv
910,Plaza Rufino de Elizalde,Pza. Rufino de Elizalde,Plaza,PLAZA,No informado,"DEL LIBERTADOR, AV. - PROPIEDAD PARTICULAR - CASTILLA, RAMON, MCAL. - ELIZALDE, RUFINO DE",Palermo,14,NO,3048.179403416591,545.7259284355308,-34.5815122405,-58.4020494107,-34.5814098693,-58.4019682895,Punto representativo interno del componente principal,1,13.58,0,6,1,La ubicación menciona propiedad particular; confirmar acceso,"Plaza según clasificación oficial, sin conflicto textual",EPSG:4326,espacio_verde_publico.csv
911,Plaza Noruega,Pza. Noruega,Plaza,PLAZA,No informado,CIUDAD DE LA PAZ - AMENABAR - MENDOZA - JURAMENTO,Belgrano,13,SI,2158.5959995591857,534.0125093480074,-34.5619089682,-58.4585508207,-34.5621260445,-58.4587359846,Punto representativo interno del componente principal,1,29.47,0,6,0,No aplica,"Plaza según clasificación oficial, sin conflicto textual",EPSG:4326,espacio_verde_publico.csv
913,Plaza República Federativa del Brasil,Pza. Rep. Fed. del Brasil,Plaza,PLAZA,No informado,"FIGUEROA ALCORTA, PRES., AV. - Muro en desnivel que limita con la plaza Australia - COUTURE, EDUARDO - Centro de Exposiciones y Convenciones de la Ciudad",Recoleta,2,SI,3488.399668705773,1302.2633384378123,-34.5838640835,-58.3905882770,-34.5835856204,-58.3904352261,Punto representativo interno del componente principal,1,33.93,0,15,0,No aplica,"Plaza según clasificación oficial, sin conflicto textual",EPSG:4326,espacio_verde_publico.csv
914,Paseo de las Américas,Pque. Paseo de las Américas,Parque,PARQUE,No informado,"JURAMENTO - FIGUEROA ALCORTA, PRES., AV. - MONROE, AV.- RAMSAY - LICEO ITALIANO - CASTAÑEDA",Belgrano,13,SI,67877.43716513211,6798.20438065399,-34.5494134341,-58.4404365549,-34.5494134341,-58.4404365549,Centroide geométrico,0,0.00,0,24,0,No aplica,"Parque según clasificación oficial y superficie >= 1,000 m²",EPSG:4326,espacio_verde_publico.csv
916,Plaza Padre M. Champagnat,Pza. Padre M. Champagnat,Plaza,PLAZA,No informado,"VELEZ SARSFIELD, AV. - RIO CUARTO - IRIARTE - PROPIEDAD PARTICULAR",Barracas,4,NO,6033.605202093642,852.3012359173732,-34.6518671411,-58.3896698823,-34.6518624753,-58.3894380942,Punto representativo interno del componente principal,1,21.25,0,4,1,La ubicación menciona propiedad particular; confirmar acceso,"Plaza según clasificación oficial, sin conflicto textual",EPSG:4326,espacio_verde_publico.csv
917,Plaza República del Ecuador,Pza. Rep. del Ecuador,Plaza,PLAZA,No informado,"FIGUEROA ALCORTA, PRES., AV. - BIFURCACION - HASTA DORREGO, AV.",Palermo,14,NO,44484.42891031496,1183.295016598361,-34.5637914347,-58.4216198015,-34.5637914347,-58.4216198015,Centroide geométrico,0,0.00,0,4,0,No aplica,"Plaza según clasificación oficial, sin conflicto textual",EPSG:4326,espacio_verde_publico.csv
919,Parque Padre Carlos Mugica,Pque. Padre Carlos Mugica,Parque,PARQUE,No informado,"GERCHUNOFF, ALBERTO - YRURTIA, ROGELIO - PELLEGRINI, CARLOS E.",Saavedra,12,SI,43838.572158053095,2919.511805850188,-34.5626706173,-58.5039076541,-34.5626706173,-58.5039076541,Centroide geométrico,0,0.00,0,11,0,No aplica,"Parque según clasificación oficial y superficie >= 1,000 m²",EPSG:4326,espacio_verde_publico.csv
921,Plaza Cecilia Grierson,Pza. Cecilia Grierson,Plaza,PLAZA,No informado,"SAN JUAN, AV. - CHACABUCO - PERU",San Telmo,1,SI,1595.9595252320362,483.1598583850953,-34.6222955127,-58.3749733044,-34.6222955127,-58.3749733044,Centroide geométrico,0,0.00,0,3,0,No aplica,"Plaza según clasificación oficial, sin conflicto textual",EPSG:4326,espacio_verde_publico.csv
922,Plaza Lorea,Pza. Lorea,Plaza,PLAZA,No informado,"RIVADAVIA, AV. - SAENZ PEÑA, LUIS, PRES. - DE MAYO, AV.",Monserrat,1,NO,1088.4637178731987,211.48035977707434,-34.6091682374,-58.3878010774,-34.6091655152,-58.3876568286,Punto representativo interno del componente principal,1,13.23,0,2,0,No aplica,"Plaza según clasificación oficial, sin conflicto textual",EPSG:4326,espacio_verde_publico.csv
926,Plaza Balcarce,Pza. Balcarce,Plaza,PLAZA,No informado,"CABILDO, AV. - MANZANARES - VUELTA DE OBLIGADO - JARAMILLO",Nuñez,13,SI,4234.663656699911,1070.866093033764,-34.5476546715,-58.4688628561,-34.5474556346,-58.4685611443,Punto representativo interno del componente principal,1,35.41,0,15,0,No aplica,"Plaza según clasificación oficial, sin conflicto textual",EPSG:4326,espacio_verde_publico.csv
927,Plaza Leandro N. Alem,Pza. Leandro N. Alem,Plaza,PLAZA,No informado,"LARSEN - ARTIGAS - COCHRANE - BUFANO, ALFREDO R.",Villa Pueyrredon,12,SI,5385.906283059951,1143.797267634567,-34.5763615688,-58.5032006824,-34.5763615688,-58.5032006824,Centroide geométrico,0,0.00,0,11,0,No aplica,"Plaza según clasificación oficial, sin conflicto textual",EPSG:4326,espacio_verde_publico.csv
928,Plaza Mitre,Pza. Mitre,Plaza,PLAZA,No informado,"DEL LIBERTADOR, Av. - REPUBLICA DEL LIBANO - ARJONILLA - AGÜERO",Recoleta,2,NO,7366.6580522205695,1314.2883696001297,-34.5840849700,-58.3958108518,-34.5840849700,-58.3958108518,Centroide geométrico,0,0.00,0,23,0,No aplica,"Plaza según clasificación oficial, sin conflicto textual",EPSG:4326,espacio_verde_publico.csv
931,Plaza Herrera,Pza. Herrera,Plaza,PLAZA,No informado,"QUINQUELA MARTIN, BENITO - (N Y S) - HERRERA (O) - HORNOS Gral.",Barracas,4,SI,4957.983193559161,1106.6233803471725,-34.6440456437,-58.3765985116,-34.6441219821,-58.3761897364,Punto representativo interno del componente principal,1,38.41,0,10,0,No aplica,"Plaza según clasificación oficial, sin conflicto textual",EPSG:4326,espacio_verde_publico.csv
937,Parque Gral. Paz,Pque. Gral. Paz,Parque,PARQUE,No informado,"LARRALDE, CRISOLOGO, AV. - PAZ, GRAL., AV.- AIZPURUA",Saavedra,12,SI,77345.46472184011,7288.5302861754735,-34.5665637976,-58.5073564792,-34.5665718004,-58.5062728220,Punto representativo interno del componente principal,1,99.43,0,28,0,No aplica,"Parque según clasificación oficial y superficie >= 1,000 m²",EPSG:4326,espacio_verde_publico.csv
940,Parque de los Niños,Pque. de los Niños,Parque,PARQUE,No informado,CIRCULO POLICIAL - CLUB CASA - PARTIDO DE VICENTE LOPEZ - RIO DE LA PLATA,Nuñez,13,SI,264775.6153844673,14628.964650420523,-34.5285842618,-58.4554173094,-34.5296608390,-58.4577049936,Punto representativo interno del componente principal,1,241.56,0,31,0,No aplica,"Parque según clasificación oficial y superficie >= 1,000 m²",EPSG:4326,espacio_verde_publico.csv
941,Paseo República de Filipinas,Jardín Paseo Rep. de Filipinas,Jardín o paseo verde,JARDÍN,No informado,"DE LOS INCAS, AV. E/ CRAMER Y ALVAREZ THOMAS, AV.",Colegiales,13,NO,5257.035788771701,2400.8165471618972,-34.5703349525,-58.4584336244,-34.5745748252,-58.4634404169,Punto representativo interno del componente principal,1,657.37,0,52,0,No aplica,"Jardín identificado con superficie >= 5,000 m² o patio de juegos",EPSG:4326,espacio_verde_publico.csv
943,Parque Indoamericano,Pque. Indoamericano,Parque,PARQUE,No informado,"LACARRA, AV. - ESCALADA, AV. - CASTAÑARES, AV. - FERNANDEZ DE LA CRUZ, FRANCISCO, GRAL., AV.",Villa Soldati,8,SI,875443.8021359958,51631.124726620925,-34.6677413196,-58.4578258289,-34.6652999507,-58.4609497774,Punto representativo interno del componente principal,1,394.06,1,144,0,No aplica,"Parque según clasificación oficial y superficie >= 1,000 m²",EPSG:4326,espacio_verde_publico.csv
950,Plaza 1º de Marzo de 1948,Pza. 1º de Marzo de 1948,Plaza,PLAZA,No informado,"RUIZ HUIDOBRO, Av. - MILLER - VALDENEGRO - BALBIN, RICARDO, DR., AV.- Propiedad particular",Saavedra,12,NO,7051.994685552715,920.1223516817186,-34.5557022093,-58.4942944437,-34.5557022093,-58.4942944437,Centroide geométrico,0,0.00,0,7,1,La ubicación menciona propiedad particular; confirmar acceso,"Plaza según clasificación oficial, sin conflicto textual",EPSG:4326,espacio_verde_publico.csv
957,Plaza de la Bandera,Pza. de la Bandera,Plaza,PLAZA,No informado,"JUSTO, JUAN B., AV. - PROPIEDAD PARTICULAR - GAONA, AV. - BELEN",Velez Sarsfield,10,SI,2153.815178708515,1049.530910557875,-34.6288357243,-58.4933825386,-34.6288357243,-58.4933825386,Centroide geométrico,0,0.00,0,17,1,La ubicación menciona propiedad particular; confirmar acceso,"Plaza según clasificación oficial, sin conflicto textual",EPSG:4326,espacio_verde_publico.csv
990,Plaza de la Defensa,Pza. de la Defensa,Plaza,PLAZA,No informado,DEFENSA 530/548,Monserrat,1,NO,157.21460069795808,157.17140079559294,-34.6140864065,-58.3722846798,-34.6140954713,-58.3721743196,Punto representativo interno del componente principal,1,10.17,0,5,0,No aplica,"Plaza según clasificación oficial, sin conflicto textual",EPSG:4326,espacio_verde_publico.csv
999,Raquel Forner,Pque. Raquel Forner,Parque,PARQUE,No informado,"SANCHEZ DE THOMPSON, MARIQUITA - DE LOS ITALIANOS, AV - MANSO, JUANA",Puerto Madero,1,NO,3752.9795149248275,1085.4383993855477,-34.5997404145,-58.3635788710,-34.5997404145,-58.3635788710,Centroide geométrico,0,0.00,0,6,0,No aplica,"Parque según clasificación oficial y superficie >= 1,000 m²",EPSG:4326,espacio_verde_publico.csv
1000,Plaza Fenia Chertkoff,Pza. Fenia Chertkoff,Plaza,PLAZA,No informado,"DE LOS ITALIANOS, AV - GRIERSON, CECILIA, BOULEVARD - MANSO, JUANA - SANCHEZ DE THOMPSON, MARIQUITA",Puerto Madero,1,NO,751.966667427603,244.31360424044516,-34.5986158383,-58.3638580715,-34.5986158383,-58.3638580715,Centroide geométrico,0,0.00,0,2,0,No aplica,"Plaza según clasificación oficial, sin conflicto textual",EPSG:4326,espacio_verde_publico.csv
1008,Plaza Guatemala,Pza. Guatemala,Plaza,PLAZA,No informado,"JUSTO, JUAN B. AV. - ALVAREZ JONTE, AV. - JUSTO, JUAN B. AV.",Versalles,10,NO,580.3979740821463,171.15713598169972,-34.6337140303,-58.5210591412,-34.6337140303,-58.5210591412,Centroide geométrico,0,0.00,0,1,0,No aplica,"Plaza según clasificación oficial, sin conflicto textual",EPSG:4326,espacio_verde_publico.csv
1011,Plaza Calabria,Pza. Calabria,Plaza,PLAZA,No informado,"ESCALADA, AV. - CASTAÑARES, AV. - ESCALADA, AV. - SARAZA",Villa Soldati,8,NO,12820.611891171706,659.0634240321272,-34.6642840954,-58.4696025683,-34.6642840954,-58.4696025683,Centroide geométrico,0,0.00,0,2,0,No aplica,"Plaza según clasificación oficial, sin conflicto textual",EPSG:4326,espacio_verde_publico.csv
1012,Plaza Alberdi,Pza. Alberdi,Plaza,PLAZA,No informado,"ACHA, MARIANO - MACHAI - NUÑEZ - LARRALDE, CRISOLOGO, AV.",Saavedra,12,SI,12474.028356247873,468.2312580440669,-34.5599366317,-58.4871943525,-34.5599366317,-58.4871943525,Centroide geométrico,0,0.00,0,1,0,No aplica,"Plaza según clasificación oficial, sin conflicto textual",EPSG:4326,espacio_verde_publico.csv
1034,Plaza Mario A. Amaya,Pza. Mario A. Amaya,Plaza,PLAZA,No informado,"CONSTITUCION E/BOEDO, AV. Y COLOMBRES",Boedo,5,SI,830.0823022096841,493.99691780853146,-34.6277962023,-58.4166384446,-34.6277962023,-58.4166384446,Centroide geométrico,0,0.00,0,7,0,No aplica,"Plaza según clasificación oficial, sin conflicto textual",EPSG:4326,espacio_verde_publico.csv
1037,Plaza Nicolás Granada,Pza. Nicolás Granada,Plaza,PLAZA,No informado,"DELLEPIANE, LUIS J., TTE. GRAL., AV. - OLIDEN - ZELARRAYAN - MURGUIONDO",Villa Lugano,8,SI,8481.837082326483,1305.5968931288537,-34.6740481557,-58.4786074443,-34.6740481557,-58.4786074443,Centroide geométrico,0,0.00,0,25,0,No aplica,"Plaza según clasificación oficial, sin conflicto textual",EPSG:4326,espacio_verde_publico.csv
1040,Obispo Enrique Angelelli,Pza. Obispo Enrique Angelelli,Plaza,PLAZA,No informado,"EREZCANO, AV. - FERRE - BERON DE ASTRADA - MATANZA",Nueva Pompeya,4,SI,8128.525279374441,523.5186893724489,-34.6587436067,-58.4228020831,-34.6587436067,-58.4228020831,Centroide geométrico,0,0.00,0,1,0,No aplica,"Plaza según clasificación oficial, sin conflicto textual",EPSG:4326,espacio_verde_publico.csv
1054,Virginia Bolten,Pque. Virginia Bolten,Parque,PARQUE,No informado,"LANTERI, JULIETA - SALOTTI, MARTHA - PAINÉ, AIMÉ - EZCURRA, ENCARNACI+N",Puerto Madero,1,NO,8439.16811423439,796.4461605923441,-34.6154199601,-58.3608232306,-34.6146728863,-58.3608830355,Punto representativo interno del componente principal,1,83.04,0,6,0,No aplica,"Parque según clasificación oficial y superficie >= 1,000 m²",EPSG:4326,espacio_verde_publico.csv
1061,Plaza Dr. Vicente S. Lima,Pza. Dr. Vicente S. Lima,Plaza,PLAZA,No informado,"PELLEGRINI, CARLOS - YRURTIA, ROGELIO",Saavedra,12,SI,6001.42352083421,338.3693825123938,-34.5638760854,-58.5030766165,-34.5638760854,-58.5030766165,Centroide geométrico,0,0.00,0,1,0,No aplica,"Plaza según clasificación oficial, sin conflicto textual",EPSG:4326,espacio_verde_publico.csv
1062,Plaza Bélgica,Pza. Bélgica,Plaza,PLAZA,No informado,"CASTILLA, RAMON, MCAL. - AGUADO, ALEJANDRO M. - PROPIEDAD PARTICULAR - FIGUEROA ALCORTA, PRES., AV.",Palermo,14,NO,1169.8888646901974,260.06164363261314,-34.5799254116,-58.4008532112,-34.5799254116,-58.4008532112,Centroide geométrico,0,0.00,0,3,1,La ubicación menciona propiedad particular; confirmar acceso,"Plaza según clasificación oficial, sin conflicto textual",EPSG:4326,espacio_verde_publico.csv
1083,Guillermo E. Hudson,Jardín Guillermo E. Hudson,Jardín o paseo verde,JARDÍN,No informado,"SARMIENTO, AV. E/ SANTA FE, AV. - DEL LIBERTADOR, AV. (VEREDON DEL ZOOLOGICO)",Palermo,14,NO,10113.61653908265,1541.2226806559843,-34.5781450261,-58.4177459474,-34.5781450261,-58.4177459474,Centroide geométrico,0,0.00,0,1,0,No aplica,"Jardín identificado con superficie >= 5,000 m² o patio de juegos",EPSG:4326,espacio_verde_publico.csv
1095,Plaza M. Mujica Lainez,Pza. M. Mujica Lainez,Plaza,PLAZA,No informado,"LOPEZ, VICENTE - JUNIN",Recoleta,2,SI,1211.7188032594977,386.63455306911175,-34.5895835671,-58.3930085338,-34.5895835671,-58.3930085338,Centroide geométrico,0,0.00,0,6,0,No aplica,"Plaza según clasificación oficial, sin conflicto textual",EPSG:4326,espacio_verde_publico.csv
1096,Plaza Don Segundo Sombra - Brian Aguinaco,Pza. Don Segundo Sombra - Brian Aguinaco,Plaza,PLAZA,No informado,"SANTANDER - CASTILLO, JUAN DEL - AROMA - RODRIGUEZ ALONSO",Flores,7,SI,977.9223537231816,362.08031450163867,-34.6421502718,-58.4501937700,-34.6421273787,-58.4503710661,Punto representativo interno del componente principal,1,16.45,0,4,0,No aplica,"Plaza según clasificación oficial, sin conflicto textual",EPSG:4326,espacio_verde_publico.csv
1104,Parque Thays,Pque. Thays,Parque,PARQUE,No informado,"DEL LIBERTADOR, AV. - CALLAO, AV.- VAZ FERREIRA, CARLOS, DR. - QUIROGA, JUAN FACUNDO, BRIG. GRAL. VIA R PIDA",Recoleta,2,SI,49023.113804303015,6873.3967573672035,-34.5848342692,-58.3869144511,-34.5848342692,-58.3869144511,Centroide geométrico,0,0.00,0,162,0,No aplica,"Parque según clasificación oficial y superficie >= 1,000 m²",EPSG:4326,espacio_verde_publico.csv
1105,Bo. Gral. San Martín,Jardín Bo. Gral. San Martín,Jardín o paseo verde,JARDÍN,No informado,"DE LOS CONSTITUYENTES, AV. - ALVAREZ PRADO, MANUEL - PAZ, GRAL., AV. - SAN MARINO - NAZCA, AV. (SECTORES)",Villa Pueyrredon,12,SI,73619.0836354991,9462.870597713867,-34.5739041253,-58.5093241473,-34.5737395184,-58.5096946105,Punto representativo interno del componente principal,1,38.58,0,81,0,No aplica,"Jardín identificado con superficie >= 5,000 m² o patio de juegos",EPSG:4326,espacio_verde_publico.csv
1106,Parque Rivadavia,Pque. Rivadavia,Parque,PARQUE,No informado,"RIVADAVIA, AV. - DOBLAS - ROSARIO - BEAUCHEF",Caballito,6,SI,32836.2773962974,5777.576116114033,-34.6185696013,-58.4330969585,-34.6179420680,-58.4332334285,Punto representativo interno del componente principal,1,70.72,0,51,0,No aplica,"Parque según clasificación oficial y superficie >= 1,000 m²",EPSG:4326,espacio_verde_publico.csv
1107,Parque Las Heras,Pque. Las Heras,Parque,PARQUE,No informado,"LAS HERAS, AV. - DIAZ, CNEL., AV. - JUNCAL - SALGUERO, JERONIMO",Palermo,14,SI,60827.189884884974,6823.819600027127,-34.5840208515,-58.4087052589,-34.5840208515,-58.4087052589,Centroide geométrico,0,0.00,0,45,0,No aplica,"Parque según clasificación oficial y superficie >= 1,000 m²",EPSG:4326,espacio_verde_publico.csv
1108,Plaza El Salvador,Pza. El Salvador,Plaza,PLAZA,No informado,"MONROE, AV. - BAVIO, ERNESTO A. - RICHIERI, PABLO, TTE. GRAL.",Belgrano,13,SI,36371.360395980344,3575.768793309059,-34.5489137525,-58.4459531972,-34.5489137525,-58.4459531972,Centroide geométrico,0,0.00,0,43,0,No aplica,"Plaza según clasificación oficial, sin conflicto textual",EPSG:4326,espacio_verde_publico.csv
1110,Parque de las Victorias,Pque. de las Victorias,Parque,PARQUE,No informado,"LARRAZABAL, AV. - FERNANDEZ DE LA CRUZ, FRANCISCO, GRAL., AV. - ROCA, CNEL., AV.",Villa Lugano,8,SI,749475.9864215301,35074.91574050994,-34.6801424402,-58.4583642590,-34.6801424402,-58.4583642590,Centroide geométrico,0,0.00,1,287,0,No aplica,"Parque según clasificación oficial y superficie >= 1,000 m²",EPSG:4326,espacio_verde_publico.csv
1111,Dr. Juan B. Alberdi,Pque. Dr. Juan B. Alberdi,Parque,PARQUE,No informado,"DIRECTORIO, AV. - DE LA TORRE, LISANDRO, AV. - MURGUIONDO",Mataderos,9,SI,26000.28831296479,4322.522752018111,-34.6597902360,-58.4998578645,-34.6600370812,-58.5008200788,Punto representativo interno del componente principal,1,92.34,0,33,0,No aplica,"Parque según clasificación oficial y superficie >= 1,000 m²",EPSG:4326,espacio_verde_publico.csv
1112,Plaza Mariano Moreno,Pza. Mariano Moreno,Plaza,PLAZA,No informado,"SAENZ PEÑA, LUIS, PRES. - YRIGOYEN, HIPOLITO - DE MAYO, AV.",Monserrat,1,NO,6524.046067483374,1722.7791563780404,-34.6096016779,-58.3883735369,-34.6096016779,-58.3883735369,Centroide geométrico,0,0.00,0,12,0,No aplica,"Plaza según clasificación oficial, sin conflicto textual",EPSG:4326,espacio_verde_publico.csv
1113,Plaza Martín Rodríguez,Pza. Martín Rodríguez,Plaza,PLAZA,No informado,HELGUERA - PAREJA - ARGERICH - HABANA,Villa Pueyrredon,12,SI,7248.256862344926,1256.4278663718078,-34.5908318901,-58.5011146884,-34.5908318901,-58.5011146884,Centroide geométrico,0,0.00,0,14,0,No aplica,"Plaza según clasificación oficial, sin conflicto textual",EPSG:4326,espacio_verde_publico.csv
1114,Plaza B. Vicuña Mackenna,Pza. B. Vicuña Mackenna,Plaza,PLAZA,No informado,RAMALLO - CONESA - CRAMER - ARIAS,Saavedra,12,SI,3899.121081206682,1220.4591569893869,-34.5442541634,-58.4772537372,-34.5440831333,-58.4773754108,Punto representativo interno del componente principal,1,22.01,0,17,0,No aplica,"Plaza según clasificación oficial, sin conflicto textual",EPSG:4326,espacio_verde_publico.csv
1115,Plaza Roma,Pza. Roma,Plaza,PLAZA,No informado,"ALEM, LEANDRO N., AV. - TUCUMAN - BOUCHARD - LAVALLE",San Nicolas,1,SI,6797.812720764001,1745.1502124375043,-34.6012351262,-58.3702130449,-34.6011809027,-58.3697773436,Punto representativo interno del componente principal,1,40.41,0,14,0,No aplica,"Plaza según clasificación oficial, sin conflicto textual",EPSG:4326,espacio_verde_publico.csv
1117,Parque Saint Tropez,Pque. Saint Tropez,Parque,PARQUE,No informado,"OBLIGADO, RAFAEL, AV. COSTANERA (MURALLON) -ECHEVERRIA, PROLONGACION IMAGINARIA - VIRREY DEL PINO, PROLONGACION IMAGINARIA - RIO DE LA PLATA",Belgrano,13,NO,75107.7169230922,10417.037266237629,-34.5495407406,-58.4277448381,-34.5495407406,-58.4277448381,Centroide geométrico,0,0.00,1,39,0,No aplica,"Parque según clasificación oficial y superficie >= 1,000 m²",EPSG:4326,espacio_verde_publico.csv
1118,Plaza de los Periodistas,Pza. de los Periodistas,Plaza,PLAZA,No informado,"NEUQUEN - NAZCA, AV. - PAEZ - TERRADA",Flores,7,SI,7624.133976332722,1405.9668496759891,-34.6214290735,-58.4730211268,-34.6214290735,-58.4730211268,Centroide geométrico,0,0.00,0,15,0,No aplica,"Plaza según clasificación oficial, sin conflicto textual",EPSG:4326,espacio_verde_publico.csv
1119,Plaza Tte. Gral. Pablo Ricchieri,Pza. Tte. Gral. Pablo Ricchieri,Plaza,PLAZA,No informado,"BEIRO, FRANCISCO, AV. - QUEVEDO - DESAGUADERO - VARELA, JOSE P.",Villa Devoto,11,SI,10272.909868753199,1427.0504023145238,-34.6106372504,-58.5183059583,-34.6106372504,-58.5183059583,Centroide geométrico,0,0.00,0,12,0,No aplica,"Plaza según clasificación oficial, sin conflicto textual",EPSG:4326,espacio_verde_publico.csv
1121,Plaza Islas Malvinas,Pza. Islas Malvinas,Plaza,PLAZA,No informado,"20 DE SEPTIEMBRE - DON PEDRO DE MENDOZA, AV. - ARZOBISPO ESPINOSA - CABOTO",La Boca,4,SI,4200.179026655267,896.4188152899958,-34.6270999173,-58.3603983190,-34.6269159748,-58.3605457069,Punto representativo interno del componente principal,1,24.47,0,6,0,No aplica,"Plaza según clasificación oficial, sin conflicto textual",EPSG:4326,espacio_verde_publico.csv
1122,Plaza Dr. Onesimo Leguizamón,Pza. Dr. Onesimo Leguizamón,Plaza,PLAZA,No informado,ERCILLA - FRAGATA LA ARGENTINA - GUAMINI - SCHMIDEL,Mataderos,9,SI,4778.442814433229,1398.0667308741522,-34.6561932872,-58.5180549945,-34.6558704184,-58.5184799346,Punto representativo interno del componente principal,1,52.91,0,13,0,No aplica,"Plaza según clasificación oficial, sin conflicto textual",EPSG:4326,espacio_verde_publico.csv
1124,Plaza Derechos del Hombre,Pza. Derechos del Hombre,Plaza,PLAZA,No informado,"JUSTO, JUAN B., AV. - MAGARIÑOS CERVANTES, ALEJANDRO - CORTINA - IRIGOYEN",Villa Luro,10,SI,6446.780935889649,1776.648009835201,-34.6340353799,-58.5078737125,-34.6340353799,-58.5078737125,Centroide geométrico,0,0.00,0,24,0,No aplica,"Plaza según clasificación oficial, sin conflicto textual",EPSG:4326,espacio_verde_publico.csv
1125,Plaza Unidad Latinoamericana,Pza. Unidad Latinoamericana,Plaza,PLAZA,No informado,"MEDRANO - EL SALVADOR - COSTA RICA - ACUÑA de FIGUEROA, FRANCISCO",Palermo,14,SI,4839.069182284916,1315.9371919420767,-34.5925148522,-58.4197798376,-34.5921226728,-58.4198614112,Punto representativo interno del componente principal,1,44.14,0,11,0,No aplica,"Plaza según clasificación oficial, sin conflicto textual",EPSG:4326,espacio_verde_publico.csv
1126,Plaza Almagro,Pza. Almagro,Plaza,PLAZA,No informado,"SALGUERO, JERONIMO - SARMIENTO - BULNES - PERON, JUAN D., TTE. GRAL.",Almagro,5,SI,7513.643876346517,1303.013844099477,-34.6055402504,-58.4195705061,-34.6057927257,-58.4191165186,Punto representativo interno del componente principal,1,50.17,0,12,0,No aplica,"Plaza según clasificación oficial, sin conflicto textual",EPSG:4326,espacio_verde_publico.csv
1127,Plaza Tte. Gral. Emilio Mitre,Pza. Tte. Gral. Emilio Mitre,Plaza,PLAZA,No informado,"LAS HERAS, GRAL., AV. - PUEYRREDON, AV. - PACHECO DE MELO, JOSE A. - CANTILO",Recoleta,2,SI,5734.357727991939,1526.088326240301,-34.5882538180,-58.3968790689,-34.5881619702,-58.3975034407,Punto representativo interno del componente principal,1,58.17,0,32,0,No aplica,"Plaza según clasificación oficial, sin conflicto textual",EPSG:4326,espacio_verde_publico.csv
1129,Plaza R. González Tuñón,Pza. R. González Tuñón,Plaza,PLAZA,No informado,"YRIGOYEN, HIPOLITO - 24 DE NOVIEMBRE",Balvanera,3,SI,1193.4615103695326,624.9368854811178,-34.6123818724,-58.4118738964,-34.6123818724,-58.4118738964,Centroide geométrico,0,0.00,0,14,0,No aplica,"Plaza según clasificación oficial, sin conflicto textual",EPSG:4326,espacio_verde_publico.csv
1130,Plaza Unidad Nacional,Pza. Unidad Nacional,Plaza,PLAZA,No informado,"GALLO, DELFIN - MURGIONDO - VIAS DEL FCGB - CAFAYATE",Villa Lugano,8,SI,3805.0511003680394,1183.8697094589586,-34.6772559883,-58.4766646769,-34.6772559883,-58.4766646769,Centroide geométrico,0,0.00,0,30,0,No aplica,"Plaza según clasificación oficial, sin conflicto textual",EPSG:4326,espacio_verde_publico.csv
1131,Plaza Cap. D. Fidel Sarmiento,Pza. Cap. D. Fidel Sarmiento,Plaza,PLAZA,No informado,GANDARA - GAMARRA - MARSELLA - BERLIN (BARRIO PAQUE CHAS),Parque Chas,15,SI,1155.409923428968,795.7154172862483,-34.5821664609,-58.4775640097,-34.5822568985,-58.4778696737,Punto representativo interno del componente principal,1,29.78,0,11,0,No aplica,"Plaza según clasificación oficial, sin conflicto textual",EPSG:4326,espacio_verde_publico.csv
1132,Plaza Dr. Alfredo Nobel,Pza. Dr. Alfredo Nobel,Plaza,PLAZA,No informado,HAMBURGO - BUCAREST - BURELA - TURIN (BARRIO PQUE.CHAS),Parque Chas,15,SI,1447.6863020840576,636.1665895720889,-34.5880118077,-58.4846749766,-34.5878401638,-58.4844707986,Punto representativo interno del componente principal,1,26.71,0,11,0,No aplica,"Plaza según clasificación oficial, sin conflicto textual",EPSG:4326,espacio_verde_publico.csv
1133,Plaza Inmigrantes de Armenia,Pza. Inmig. de Armenia (ex Palermo Viejo),Plaza,PLAZA,No informado,MALABIA - COSTA RICA - ARMENIA - NICARAGUA,Palermo,14,SI,5760.999187683599,1134.3130955094314,-34.5884229256,-58.4252988487,-34.5887806457,-58.4251791316,Punto representativo interno del componente principal,1,41.17,0,11,0,No aplica,"Plaza según clasificación oficial, sin conflicto textual",EPSG:4326,espacio_verde_publico.csv
1134,Plaza Exodo Jujeño,Pza. Exodo Jujeño,Plaza,PLAZA,No informado,GANDARA - BAUNESS - LIVERPOOL - LONDRES - BARRIO PARQUE CHAS),Parque Chas,15,SI,863.1580546557036,507.8664854192152,-34.5828237521,-58.4810083478,-34.5829036048,-58.4811903949,Punto representativo interno del componente principal,1,18.90,0,14,0,No aplica,"Plaza según clasificación oficial, sin conflicto textual",EPSG:4326,espacio_verde_publico.csv
1135,Plaza Félix Lima,Pza. Félix Lima,Plaza,PLAZA,No informado,RAMALLO - CUBA - ARIAS - ARCOS,Nuñez,13,SI,4035.873761258991,984.1596168597086,-34.5414939192,-58.4706108115,-34.5413471701,-58.4703383545,Punto representativo interno del componente principal,1,29.84,0,11,0,No aplica,"Plaza según clasificación oficial, sin conflicto textual",EPSG:4326,espacio_verde_publico.csv
1137,Plaza Juan F. Salaberry,Pza. Juan F. Salaberry,Plaza,PLAZA,No informado,"ALBERDI, JUAN B., AV. - CAFAYATE - BRAGADO - RUCCI, JOSE I.",Mataderos,9,SI,3201.128633459288,911.1481408319564,-34.6556419312,-58.5063403089,-34.6556419312,-58.5063403089,Centroide geométrico,0,0.00,0,6,0,No aplica,"Plaza según clasificación oficial, sin conflicto textual",EPSG:4326,espacio_verde_publico.csv
1138,Plaza Alf José M. Sobral,Pza. Alf José M. Sobral,Plaza,PLAZA,No informado,"LAS HERAS, AV. - SCALABRINI ORTIZ, RAUL, AV. - CABELLO - SALGUERO, JERONIMO",Palermo,14,SI,2762.107453938733,774.5150833333669,-34.5815959393,-58.4106324742,-34.5815845225,-58.4103891454,Punto representativo interno del componente principal,1,22.36,0,10,0,No aplica,"Plaza según clasificación oficial, sin conflicto textual",EPSG:4326,espacio_verde_publico.csv
1139,Plaza Antonio Malaver,Pza. Antonio Malaver,Plaza,PLAZA,No informado,MONTENEGRO - ESTOMBA - GIRARDOT - HEREDIA,Villa Ortuzar,15,SI,5589.801728183788,1207.4336235052983,-34.5873922113,-58.4674710805,-34.5877016269,-58.4671847817,Punto representativo interno del componente principal,1,43.21,0,15,0,No aplica,"Plaza según clasificación oficial, sin conflicto textual",EPSG:4326,espacio_verde_publico.csv
1140,Plaza Dr. Amadeo Sabattini,Pza. Dr. Amadeo Sabattini,Plaza,PLAZA,No informado,"COLPAYO - VALLESE, FELIPE",Caballito,6,SI,2377.0096207452652,929.6704677407049,-34.6121241328,-58.4439137711,-34.6123794214,-58.4436214505,Punto representativo interno del componente principal,1,38.99,0,7,0,No aplica,"Plaza según clasificación oficial, sin conflicto textual",EPSG:4326,espacio_verde_publico.csv
1142,Plaza Sarmiento,Pza. Sarmiento,Plaza,PLAZA,No informado,TUYUTI - COSQUIN - HUMAITA - EL RASTREADOR,Liniers,9,SI,4321.726337061872,901.1260508927312,-34.6451896495,-58.5234214082,-34.6451896495,-58.5234214082,Centroide geométrico,0,0.00,0,10,0,No aplica,"Plaza según clasificación oficial, sin conflicto textual",EPSG:4326,espacio_verde_publico.csv
1143,Plaza Rosario Vera Peñaloza,Pza. Rosario Vera Peñaloza,Plaza,PLAZA,No informado,"SAN JUAN, AV. - PIEDRAS - CHACABUCO",San Telmo,1,SI,5301.2946839453025,1005.3179269937472,-34.6223285862,-58.3762534020,-34.6224214328,-58.3763053926,Punto representativo interno del componente principal,1,11.35,0,8,0,No aplica,"Plaza según clasificación oficial, sin conflicto textual",EPSG:4326,espacio_verde_publico.csv
1144,Plaza de los Mataderos,Pza. de los Mataderos,Plaza,PLAZA,No informado,"DE LA TORRE, LISANDRO, AV. - TAPALQUE - GORDILLO, TIMOTEO - BRAGADO",Mataderos,9,SI,6913.816126385518,2027.789144738123,-34.6576714376,-58.5070465801,-34.6577442046,-58.5067594589,Punto representativo interno del componente principal,1,27.53,0,19,0,No aplica,"Plaza según clasificación oficial, sin conflicto textual",EPSG:4326,espacio_verde_publico.csv
1145,Plaza Ing. Félix Aguilar,Pza. Ing. Félix Aguilar,Plaza,PLAZA,No informado,"ALSINA, VALENTIN, AV. - CAZADORES - LA PAMPA - DRAGONES",Belgrano,13,NO,12825.22924714943,637.5943481735713,-34.5565204080,-58.4395920994,-34.5565204080,-58.4395920994,Centroide geométrico,0,0.00,0,1,0,No aplica,"Plaza según clasificación oficial, sin conflicto textual",EPSG:4326,espacio_verde_publico.csv
1146,San Miguel de Garicoits,Pza. San Miguel de Garicoits,Plaza,PLAZA,No informado,"ARREDONDO, VIRREY - DELGADO - VIRREY LORETO - ALVAREZ THOMAS, AV.",Colegiales,13,SI,4822.180588129936,1078.5972100200313,-34.5776919168,-58.4585508460,-34.5776919168,-58.4585508460,Centroide geométrico,0,0.00,0,9,0,No aplica,"Plaza según clasificación oficial, sin conflicto textual",EPSG:4326,espacio_verde_publico.csv
1150,Plaza Ramón G. Fernández,Pza. Ramón G. Fernández,Plaza,PLAZA,No informado,"SARMIENTO, AV. - IRAOLA, AV. - DEL LIBERTADOR, AV.",Palermo,14,NO,26280.353107754985,1932.0658901236418,-34.5731855530,-58.4144013619,-34.5731855530,-58.4144013619,Centroide geométrico,0,0.00,0,23,0,No aplica,"Plaza según clasificación oficial, sin conflicto textual",EPSG:4326,espacio_verde_publico.csv
1151,Plaza Domingo Olivera,Pza. Domingo Olivera,Plaza,PLAZA,No informado,REMEDIOS - MOZART - TANDIL - MORETO,Parque Avellaneda,9,SI,3531.4263388430572,877.1328034761522,-34.6475997434,-58.4836019164,-34.6474753355,-58.4840971945,Punto representativo interno del componente principal,1,47.45,0,11,0,No aplica,"Plaza según clasificación oficial, sin conflicto textual",EPSG:4326,espacio_verde_publico.csv
1153,Plaza de los Colegiales,Pza. de los Colegiales,Plaza,PLAZA,No informado,"MATIENZO, BENJAMIN, TTE. - ZAPIOLA - CONESA - CRAMER",Colegiales,13,SI,5651.428612443908,1458.2956735195523,-34.5772000010,-58.4442722351,-34.5768077125,-58.4440299194,Punto representativo interno del componente principal,1,48.86,0,13,0,No aplica,"Plaza según clasificación oficial, sin conflicto textual",EPSG:4326,espacio_verde_publico.csv
1154,Plaza Gral. Manuel Belgrano,Pza. Gral. Manuel Belgrano,Plaza,PLAZA,No informado,JURAMENTO - CUBA - ECHEVERRIA - VUELTA DE OBLIGADO,Belgrano,13,NO,4670.627705282186,945.3033623235219,-34.5620519887,-58.4546534478,-34.5616778524,-58.4547742449,Punto representativo interno del componente principal,1,42.95,0,9,0,No aplica,"Plaza según clasificación oficial, sin conflicto textual",EPSG:4326,espacio_verde_publico.csv
1155,Plaza Sgto. Cabral,Pza. Sgto. Cabral,Plaza,PLAZA,No informado,"MARTINEZ DE HOZ - SUAREZ, JOSE L. - ARCE, MANUEL",Liniers,9,SI,2013.5598148162715,449.8652044684951,-34.6511195277,-58.5275049637,-34.6511123741,-58.5272921966,Punto representativo interno del componente principal,1,19.52,0,5,0,No aplica,"Plaza según clasificación oficial, sin conflicto textual",EPSG:4326,espacio_verde_publico.csv
1157,Plaza Nueva Pompeya,Pza. Nueva Pompeya,Plaza,PLAZA,No informado,"SAENZ, AV. - TRAFUL - OCHOA, ENRIQUE",Nueva Pompeya,4,SI,444.27620022457404,221.32995206219772,-34.6520059937,-58.4157402458,-34.6519694464,-58.4155767749,Punto representativo interno del componente principal,1,15.52,0,8,0,No aplica,"Plaza según clasificación oficial, sin conflicto textual",EPSG:4326,espacio_verde_publico.csv
1158,Plaza Evita,Pza. Evita,Plaza,PLAZA,No informado,"DEL LIBERTADOR, AV. - AGUERO - PROPIEDAD PARTICULAR - AUSTRIA",Recoleta,2,SI,10487.802813418482,1515.4242573724628,-34.5841146825,-58.3973194520,-34.5838873405,-58.3974791078,Punto representativo interno del componente principal,1,29.16,0,10,1,La ubicación menciona propiedad particular; confirmar acceso,"Plaza según clasificación oficial, sin conflicto textual",EPSG:4326,espacio_verde_publico.csv
1159,Plaza Ejército de los Andes,Pza. Ejército de los Andes,Plaza,PLAZA,No informado,"RIVADAVIA AV. - CORVALAN - FALCON, RAMON L., CNEL. - ALBARIÑO",Villa Luro,10,SI,5548.473604922462,1281.291938463799,-34.6396314766,-58.5094475627,-34.6394788238,-58.5092626427,Punto representativo interno del componente principal,1,23.96,0,23,0,No aplica,"Plaza según clasificación oficial, sin conflicto textual",EPSG:4326,espacio_verde_publico.csv
1160,Plaza Mafalda,Pza. Mafalda,Plaza,PLAZA,No informado,"CONDE - DUMONT, SANTOS - ARENAL, CONCEPCION - MARTINEZ, ENRIQUE, GRAL.",Colegiales,13,SI,8199.379299798831,1359.6504614630333,-34.5805601551,-58.4457444541,-34.5807389389,-58.4455295811,Punto representativo interno del componente principal,1,27.96,0,8,0,No aplica,"Plaza según clasificación oficial, sin conflicto textual",EPSG:4326,espacio_verde_publico.csv
1161,Parque Micaela Bastidas,Pque. Micaela Bastidas,Parque,PARQUE,No informado,"LANTERI, JULIETA - VERA PEÑALOZA, ROSARIO, BOULEVARD - CALABRIA",Puerto Madero,1,NO,55523.76519459333,8194.746003394688,-34.6150330148,-58.3593722701,-34.6150330148,-58.3593722701,Centroide geométrico,0,0.00,0,32,0,No aplica,"Parque según clasificación oficial y superficie >= 1,000 m²",EPSG:4326,espacio_verde_publico.csv
1162,Plaza Cnel. Ramón L. Falcón - Che Guevara,Pza. Cnel. Ramón L. Falcón - Che Guevara,Plaza,PLAZA,No informado,"FALCON, RAMON L. - BENEDETTI, OSVALDO E., DIP. NAC. - PJE. PARTICULAR",Velez Sarsfield,10,SI,3900.6163447962094,1040.7145282161146,-34.6358416139,-58.4822196198,-34.6358416139,-58.4822196198,Centroide geométrico,0,0.00,0,8,0,No aplica,"Plaza según clasificación oficial, sin conflicto textual",EPSG:4326,espacio_verde_publico.csv
1163,Plaza San Martín (Anexo),Pza. Lib. Gral. San Martín (Anexo),Plaza,PLAZA,No informado,"SANTA FE, AV. - ARENALES - ESMERALDA",Retiro,1,NO,3546.9742300063426,712.1230659442095,-34.5945657533,-58.3780540315,-34.5945657533,-58.3780540315,Centroide geométrico,0,0.00,0,8,0,No aplica,"Plaza según clasificación oficial, sin conflicto textual",EPSG:4326,espacio_verde_publico.csv
1164,Plaza José C. Paz,Pza. José C. Paz,Plaza,PLAZA,No informado,"TABORDA, DIOGENES - CORTEJARENA, JOSE A. - PEPIRI - PAZ, JOSE C.",Parque Patricios,4,SI,12176.144669438352,1380.1316619159288,-34.6445319526,-58.4105228251,-34.6445319526,-58.4105228251,Centroide geométrico,0,0.00,1,5,0,No aplica,"Plaza según clasificación oficial, sin conflicto textual",EPSG:4326,espacio_verde_publico.csv
1165,Plaza Roberto Arlt,Pza. Roberto Arlt,Plaza,PLAZA,No informado,"ESMERALDA - RIVADAVIA, AV. - PROPIEDAD PARTICULAR",San Nicolas,1,SI,2470.3986747033514,1415.5754044298087,-34.6080312371,-58.3779949348,-34.6078154543,-58.3783082811,Punto representativo interno del componente principal,1,37.40,0,14,1,La ubicación menciona propiedad particular; confirmar acceso,"Plaza según clasificación oficial, sin conflicto textual",EPSG:4326,espacio_verde_publico.csv
1168,Nstra Sra. de Luján,Pza. Nstra Sra. de Luján,Plaza,PLAZA,No informado,"LUZURIAGA - MANDISOVI - SPIKA, ENRIQUE, GRAL.",Barracas,4,SI,1735.9696906321446,461.9446116696497,-34.6545849655,-58.3874872774,-34.6545849655,-58.3874872774,Centroide geométrico,0,0.00,0,7,0,No aplica,"Plaza según clasificación oficial, sin conflicto textual",EPSG:4326,espacio_verde_publico.csv
1169,Plaza Mons. Fermín Lafitte,Pza. Mons. Fermín Lafitte,Plaza,PLAZA,No informado,"BERMUDEZ - ARREGUI - ALLENDE - ALMEIRA, HILARIO DE - PROPIEDAD PARTICULAR",Monte Castro,10,SI,6860.536762868389,1598.1719250382325,-34.6186953345,-58.5080394201,-34.6186953345,-58.5080394201,Centroide geométrico,0,0.00,0,14,1,La ubicación menciona propiedad particular; confirmar acceso,"Plaza según clasificación oficial, sin conflicto textual",EPSG:4326,espacio_verde_publico.csv
1170,Plaza Dr. R. Sáenz Peña,Pza. Dr. R. Sáenz Peña,Plaza,PLAZA,No informado,"JUSTO, JUAN B., AV.- BOYACA, AV.- ESCALADA DE SAN MARTIN, REMEDIOS DE - LAMAS, ANDRES",Villa Gral. Mitre,11,SI,8608.956204145712,1999.3058465959318,-34.6101245117,-58.4678820894,-34.6104028547,-58.4676238599,Punto representativo interno del componente principal,1,38.91,0,20,0,No aplica,"Plaza según clasificación oficial, sin conflicto textual",EPSG:4326,espacio_verde_publico.csv
1173,San Martín de Tours,Pza. San Martín de Tours,Plaza,PLAZA,No informado,"ALVEAR, AV. - SCHIAFFINO, EDUARDO - POSADAS",Recoleta,2,NO,6248.89811811252,667.5448307602549,-34.5866356391,-58.3895566181,-34.5864816684,-58.3897892716,Punto representativo interno del componente principal,1,27.33,0,4,0,No aplica,"Plaza según clasificación oficial, sin conflicto textual",EPSG:4326,espacio_verde_publico.csv
1174,Plaza Federación de Rusia,Pza. Fed. de Rusia,Plaza,PLAZA,No informado,"DRAGONES - LA PAMPA - ALSINA, VALENTIN, AV. - CASTAÑEDA",Belgrano,13,SI,18682.566956959847,1655.8469456420985,-34.5553953291,-58.4373735098,-34.5553953291,-58.4373735098,Centroide geométrico,0,0.00,0,5,0,No aplica,"Plaza según clasificación oficial, sin conflicto textual",EPSG:4326,espacio_verde_publico.csv
1179,Plaza República del Perú,Pza. Rep. del Perú,Plaza,PLAZA,No informado,"SALGUERO, JERONIMO - CORONADO, MARTIN - FIGUEROA ALCORTA, PRES., AV.",Palermo,14,NO,4721.781134430525,763.1692496852897,-34.5765673758,-58.4039802037,-34.5765673758,-58.4039802037,Centroide geométrico,0,0.00,0,5,0,No aplica,"Plaza según clasificación oficial, sin conflicto textual",EPSG:4326,espacio_verde_publico.csv
1181,Plaza República Oriental del Uruguay,Pza. Rep. Oriental del Uruguay,Plaza,PLAZA,No informado,"DEL LIBERTADOR, AV.- TAGLE - FIGUEROA ALCORTA, PRES., AV. - AUSTRIA",Recoleta,2,NO,29689.638802659163,3139.8089457980473,-34.5821812482,-58.3969290927,-34.5819749265,-58.3976844433,Punto representativo interno del componente principal,1,72.97,0,10,0,No aplica,"Plaza según clasificación oficial, sin conflicto textual",EPSG:4326,espacio_verde_publico.csv
1183,Plaza Grand Bourg,Pza. Grand Bourg,Plaza,PLAZA,No informado,"CASTILLA, RAMON, MCAL. - ELIZALDE, RUFINO DE - AGUADO, ALEJANDRO M. DE",Palermo,14,NO,1283.7489120738626,432.38045418985035,-34.5804407591,-58.4015445524,-34.5804407591,-58.4015445524,Centroide geométrico,0,0.00,0,5,0,No aplica,"Plaza según clasificación oficial, sin conflicto textual",EPSG:4326,espacio_verde_publico.csv
1185,Plaza Jorge L. Borges,Pza. Jorge L. Borges,Plaza,PLAZA,No informado,LAS HERAS Y AUSTRIA,Recoleta,2,NO,1309.80749610796,589.9846652738199,-34.5848860459,-58.3991681577,-34.5849265397,-58.3992802380,Punto representativo interno del componente principal,1,11.22,0,9,0,No aplica,"Plaza según clasificación oficial, sin conflicto textual",EPSG:4326,espacio_verde_publico.csv
1186,Plaza Salvador M. del Carril,Pza. Salvador M. del Carril,Plaza,PLAZA,No informado,"GILARDI, GILARDO - RAMOS MEJIA, JOSE M., DR., AV.- MARTINEZ ZUVIRIA, GUSTAVO, DR. - SAN MARTIN",Retiro,1,NO,3712.047497213128,987.3369757733249,-34.5910556197,-58.3725707489,-34.5909541537,-58.3725639983,Punto representativo interno del componente principal,1,11.27,0,12,0,No aplica,"Plaza según clasificación oficial, sin conflicto textual",EPSG:4326,espacio_verde_publico.csv
1187,Plaza Miguel Unamuno,Pza. Miguel Unamuno,Plaza,PLAZA,No informado,"MORRIS, WILLIAM C. - PONCE, ANIBAL - UNAMUNO, MIGUEL DE - CONI, EMILIO R., DR.",Barracas,4,SI,1331.117369560437,399.0671878147752,-34.6533725962,-58.3931393255,-34.6533725962,-58.3931393255,Centroide geométrico,0,0.00,0,12,0,No aplica,"Plaza según clasificación oficial, sin conflicto textual",EPSG:4326,espacio_verde_publico.csv
1188,Plaza Ciudad de Banff,Pza. Ciudad de Banff,Plaza,PLAZA,No informado,LISBOA - REPUBLICA DE CROACIA - ROMA - ARREGUI,Versalles,10,SI,11202.675513909871,2222.198428845492,-34.6288902411,-58.5207581274,-34.6285215795,-58.5209000362,Punto representativo interno del componente principal,1,42.91,0,10,0,No aplica,"Plaza según clasificación oficial, sin conflicto textual",EPSG:4326,espacio_verde_publico.csv
1193,Hipólito Bouchard,Pza. Hipólito Bouchard,Plaza,PLAZA,No informado,"ROSALES, AV. - MADERO, EDUARDO, AV. - SARMIENTO - PERON, JUAN D., TTE. GRAL.",San Nicolas,1,NO,4146.459430499217,692.618562850522,-34.6045977993,-58.3684244837,-34.6045977993,-58.3684244837,Centroide geométrico,0,0.00,0,4,0,No aplica,"Plaza según clasificación oficial, sin conflicto textual",EPSG:4326,espacio_verde_publico.csv
1194,Helen Keller,Pza. Helen Keller,Plaza,PLAZA,No informado,"GRAMAJO GUTIERREZ, ALFREDO - CACHI - LYNCH - EINSTEIN, ALBERTO",Nueva Pompeya,4,NO,1120.5021074939464,311.04244759128306,-34.6520868926,-58.4117970150,-34.6520868926,-58.4117970150,Centroide geométrico,0,0.00,0,5,0,No aplica,"Plaza según clasificación oficial, sin conflicto textual",EPSG:4326,espacio_verde_publico.csv
1197,Paseo de la Chacarita de los Colegiales,Paseo de la Chacarita de los Colegiales,Jardín o paseo verde,JARDÍN,No informado,"NEWBERY, JORGE, AV. E/ GUZMAN, AV. Y WARNES, AV.",Chacarita,15,NO,10432.140231152329,1438.8291530901788,-34.5921558577,-58.4547748136,-34.5921558577,-58.4547748136,Centroide geométrico,0,0.00,0,4,0,No aplica,"Jardín identificado con superficie >= 5,000 m² o patio de juegos",EPSG:4326,espacio_verde_publico.csv
1205,Plaza de los Virreyes - Tupac Amarú,Pza. de los Virreyes - Tupac Amarú,Plaza,PLAZA,No informado,"LAFUENTE - PERON, EVA, AV.",Flores,7,NO,7936.383888266251,1698.9612875566406,-34.6434872723,-58.4618974839,-34.6434872723,-58.4618974839,Centroide geométrico,0,0.00,0,14,0,No aplica,"Plaza según clasificación oficial, sin conflicto textual",EPSG:4326,espacio_verde_publico.csv
1214,Plaza Pakistan,Pza. Pakistan,Plaza,PLAZA,No informado,"DORREGO, AV. - FIGUEROA ALCORTA, PRES., AV.- MENDEZ, AGUSTIN - CALLE DE ACCESO AL HIPODROMO",Palermo,14,NO,30994.345416835014,1881.9046559036017,-34.5642358277,-58.4234856088,-34.5642358277,-58.4234856088,Centroide geométrico,0,0.00,0,3,0,No aplica,"Plaza según clasificación oficial, sin conflicto textual",EPSG:4326,espacio_verde_publico.csv
1215,Plaza Luis F. Leloir,Pza. Luis F. Leloir,Plaza,PLAZA,No informado,"GUIDO - PROPIEDAD PARTICULAR - GELLY Y OBES, GRAL. - ARJONILLA - AGUERO",Recoleta,2,NO,2529.4695923550976,535.9820362520984,-34.5845549184,-58.3971988873,-34.5845608697,-58.3970378418,Punto representativo interno del componente principal,1,14.79,0,7,1,La ubicación menciona propiedad particular; confirmar acceso,"Plaza según clasificación oficial, sin conflicto textual",EPSG:4326,espacio_verde_publico.csv
1219,Plaza Cmte. A. Guacurari Artigas,Pza. Cmte. A. Guacurari Artigas,Plaza,PLAZA,No informado,"DEL LIBERTADOR, AV. - ISABEL, INFANTA, AV. - FREYRE, MARCELINO, CNEL., AV. - VIAS DEL FCGSM",Palermo,14,NO,5254.589206888509,695.5311612023118,-34.5706250064,-58.4214456267,-34.5706250064,-58.4214456267,Centroide geométrico,0,0.00,0,4,0,No aplica,"Plaza según clasificación oficial, sin conflicto textual",EPSG:4326,espacio_verde_publico.csv
1228,Plaza República de Honduras,Pza. Rep. de Honduras,Plaza,PLAZA,No informado,"FIGUEROA ALCORTA, PRES., AV. - MONROE, AV.- RAMSAY",Belgrano,13,NO,1971.868605426922,304.39813089304766,-34.5479554804,-58.4428236427,-34.5479186604,-58.4430909266,Punto representativo interno del componente principal,1,24.87,0,1,0,No aplica,"Plaza según clasificación oficial, sin conflicto textual",EPSG:4326,espacio_verde_publico.csv
1234,Estado del Vaticano,Pza. Estado del Vaticano,Plaza,PLAZA,No informado,"VIAMONTE - LIBERTAD - TOSCANINI, ARTURO - CERRITO",San Nicolas,1,NO,324.6679263632259,297.08964906725384,-34.6006534868,-58.3835898382,-34.6006055074,-58.3834970897,Punto representativo interno del componente principal,1,10.03,0,6,0,No aplica,"Plaza según clasificación oficial, sin conflicto textual",EPSG:4326,espacio_verde_publico.csv
1244,Plaza del Correo,Pza. del Correo,Plaza,PLAZA,No informado,"SARMIENTO - ROSALES - PERON, JUAN D., TTE. GRAL. - ALEM, LEANDRO N., AV.",San Nicolas,1,NO,1984.633783269659,473.2991878965176,-34.6048999465,-58.3689579471,-34.6049255936,-58.3693027400,Punto representativo interno del componente principal,1,31.75,0,4,0,No aplica,"Plaza según clasificación oficial, sin conflicto textual",EPSG:4326,espacio_verde_publico.csv
1245,Plaza Ramón J. Carcano,Pza. Ramón J. Carcano,Plaza,PLAZA,No informado,"QUINTANA, MANUEL, PRES., AV. - ORTIZ, ROBERTO M., PRES., AV. - ALVEAR, AV. - HAEDO, EDUARDO V., PRES.",Recoleta,2,NO,1727.9454634911085,286.8906423139332,-34.5872079984,-58.3905059272,-34.5872079984,-58.3905059272,Centroide geométrico,0,0.00,0,2,0,No aplica,"Plaza según clasificación oficial, sin conflicto textual",EPSG:4326,espacio_verde_publico.csv
1247,Plaza de las Naciones Unidas,Pza. de las Naciones Unidas,Plaza,PLAZA,No informado,"FIGUEROA ALCORTA, PRES., AV. - LIBRES DEL SUR, AV. - AGOTE, LUIS, DR. (TRAZA) - VIAS DEL FCGB",Recoleta,2,NO,43853.0794737455,3143.989170739311,-34.5814245235,-58.3936447909,-34.5814245235,-58.3936447909,Centroide geométrico,0,0.00,0,9,0,No aplica,"Plaza según clasificación oficial, sin conflicto textual",EPSG:4326,espacio_verde_publico.csv
1253,Herminio Masantonio,Pza. Herminio Masantonio,Plaza,PLAZA,No informado,"ZAVALETA, AV. - ALCORTA AMACIO, AV. - VIAS DEL FCGB",Parque Patricios,4,SI,2752.9184980147197,633.9117270899584,-34.6466091641,-58.4019953499,-34.6466091641,-58.4019953499,Centroide geométrico,0,0.00,1,3,0,No aplica,"Plaza según clasificación oficial, sin conflicto textual",EPSG:4326,espacio_verde_publico.csv
1266,Plaza Armenia,Pza. Armenia,Plaza,PLAZA,No informado,"ALCORTA FIGUEROA, PRES., AV. - BUNGE, INT. - BELLO, ANDRES - TORNQUIST, ERNESTO, AV.",Palermo,14,NO,68679.61860466808,2390.265808786391,-34.5560963096,-58.4325787908,-34.5560963096,-58.4325787908,Centroide geométrico,0,0.00,0,2,0,No aplica,"Plaza según clasificación oficial, sin conflicto textual",EPSG:4326,espacio_verde_publico.csv
1274,Reserva Ecológica,Reserva Ecológica,Reserva ecológica,PARQUE SEMIPÚBLICO,Semipúblico según clasificación original,"NOEL, CARLOS M., INT., AV. - RIO DE LA PLATA - MALECON (N) - EX-CIUDAD DEPORTIVA BOCA",Puerto Madero,1,NO,2325105.316211709,39732.43710614328,-34.6065539450,-58.3508655645,-34.6065539450,-58.3508655645,Centroide geométrico,0,0.00,0,34,1,La fuente clasifica el acceso como semipúblico,Reserva ecológica; acceso semipúblico conservado explícitamente,EPSG:4326,espacio_verde_publico.csv
1275,Parque España,Pque. España,Parque,PARQUE,No informado,"ALCORTA, AMANCIO, AV. - CASEROS, AV. - BAIGORRI - SAN LUCAR DE BARRAMEDA",Barracas,4,SI,42333.33088245332,4034.3214403171996,-34.6338814849,-58.3852960792,-34.6338814849,-58.3852960792,Centroide geométrico,0,0.00,0,24,0,No aplica,"Parque según clasificación oficial y superficie >= 1,000 m²",EPSG:4326,espacio_verde_publico.csv
1276,Plaza Bruno Giordano,Pza. Bruno Giordano,Plaza,PLAZA,No informado,GIORDANO BRUNO - PARRAL - NEUQUÉN - PROLONGACION DE BACACAY Y VIAS FCDFS,Caballito,6,SI,8641.768022085153,1853.3977997713057,-34.6173020289,-58.4410961749,-34.6173020289,-58.4410961749,Centroide geométrico,0,0.00,0,9,0,No aplica,"Plaza según clasificación oficial, sin conflicto textual",EPSG:4326,espacio_verde_publico.csv
1278,Plaza Gendarmería Nacional,Pza. Gendarmería Nacional,Plaza,PLAZA,No informado,"DON PEDRO DE MENDOZA, Av. - CRUZ, OSVALDO, Av.",Barracas,4,NO,2367.517401057868,698.1122452290683,-34.6507484271,-58.3690708494,-34.6511475140,-58.3696623589,Punto representativo interno del componente principal,1,69.99,0,8,0,No aplica,"Plaza según clasificación oficial, sin conflicto textual",EPSG:4326,espacio_verde_publico.csv
1279,Plaza Campaña del Chaco,Pza. Campaña del Chaco,Plaza,PLAZA,No informado,"PADRE MIGONE, M. L. - ACHAVAL RODRIGUEZ, TRISTAN, DR., AV. - BRASIL, AV. - CALABRIA",Puerto Madero,1,NO,9343.905030684287,1415.394456985166,-34.6181433930,-58.3572493613,-34.6180388454,-58.3572950404,Punto representativo interno del componente principal,1,12.33,0,7,0,No aplica,"Plaza según clasificación oficial, sin conflicto textual",EPSG:4326,espacio_verde_publico.csv
1280,Plaza República Islámica de Irán,Pza. Rep. Islámica de Irán,Plaza,PLAZA,No informado,"FIGUEROA ALCORTA, PRES., AV. - SARMIENTO, AV.- BERRO, ADOLFO - CASARES, AV.",Palermo,14,NO,14708.802515240966,2102.930292439867,-34.5734821707,-58.4096627963,-34.5734821707,-58.4096627963,Centroide geométrico,0,0.00,0,9,0,No aplica,"Plaza según clasificación oficial, sin conflicto textual",EPSG:4326,espacio_verde_publico.csv
1281,Plaza Juan F. Quiroga,Pza. Juan F. Quiroga,Plaza,PLAZA,No informado,"ISABEL, INFANTA, AV. - FREYRE, MARCELINO E., CNEL., AV. - VIAS DEL FCGSM - FIGUEROA ALCORTA, PRES., AV. - SARMIENTO, AV. - IRAOLA, AV.",Palermo,14,NO,60890.16284874638,3915.5989359077353,-34.5697360667,-58.4159890716,-34.5697360667,-58.4159890716,Centroide geométrico,0,0.00,0,11,0,No aplica,"Plaza según clasificación oficial, sin conflicto textual",EPSG:4326,espacio_verde_publico.csv
1283,Plaza Martín de Alzaga,Pza. Martín de Alzaga,Plaza,PLAZA,No informado,"KENNEDY, JOHN F. - CERVIÑO - COLOMBIA, AV.",Palermo,14,SI,5005.46280744075,1031.0135015849157,-34.5755381203,-58.4190237250,-34.5755381203,-58.4190237250,Centroide geométrico,0,0.00,0,7,0,No aplica,"Plaza según clasificación oficial, sin conflicto textual",EPSG:4326,espacio_verde_publico.csv
1284,Mujeres Argentinas,Pque. Mujeres Argentinas,Parque,PARQUE,No informado,"DE LOS ITALIANOS, AV - MANSO, JUANA - SµENZ, MANUELA - LYNCH, MARTA",Puerto Madero,1,NO,67694.99290683697,6471.475165669304,-34.6080613284,-58.3610107407,-34.6081140655,-58.3614413039,Punto representativo interno del componente principal,1,39.91,0,20,0,No aplica,"Parque según clasificación oficial y superficie >= 1,000 m²",EPSG:4326,espacio_verde_publico.csv
1285,Plaza Estado Plurinacional de Bolivia,Pza. Estado Plurinacional de Bolivia,Plaza,PLAZA,No informado,"DEL LIBERTADOR, AV. - OLLEROS - EST. LISANDRO DE LA TORRE - LACROZE, FEDERICO, AV.",Palermo,14,SI,5910.0018932041685,1470.819462927624,-34.5628337478,-58.4367716999,-34.5628337478,-58.4367716999,Centroide geométrico,0,0.00,0,12,0,No aplica,"Plaza según clasificación oficial, sin conflicto textual",EPSG:4326,espacio_verde_publico.csv
1286,Parque de San Benito,Pque. de San Benito,Parque,PARQUE,No informado,"LA PAMPA - LUGONES, LEOPOLDO, AV. - FIGUEROA ALCORTA, PRES., AV.- CIRCULO DE SUB-OFICIALES DE LAS F.A.",Belgrano,13,SI,105663.6778459205,7938.676560995259,-34.5507649716,-58.4361482050,-34.5507649716,-58.4361482050,Centroide geométrico,0,0.00,0,10,0,No aplica,"Parque según clasificación oficial y superficie >= 1,000 m²",EPSG:4326,espacio_verde_publico.csv
1288,Plaza Alberto Vaccarezza,Pza. Alberto Vaccarezza,Plaza,PLAZA,No informado,VIRGILIO - ALCARAZ - MOLIERE,Villa Luro,10,SI,2950.0522171764865,505.5402297193115,-34.6265052716,-58.5121084086,-34.6263148544,-58.5118945537,Punto representativo interno del componente principal,1,28.82,0,4,0,No aplica,"Plaza según clasificación oficial, sin conflicto textual",EPSG:4326,espacio_verde_publico.csv
1292,Plaza Nstra. Sra. de las Nieves,Pza. Nstra. Sra. de las Nieves,Plaza,PLAZA,No informado,"PERON, JUAN D., TTE. GRAL. - LA RABIDA (N) - MADERO, EDUARDO, AV. - ROSALES, AV.",Monserrat,1,NO,2324.984259197613,394.7168430656052,-34.6059546935,-58.3688956755,-34.6059546935,-58.3688956755,Centroide geométrico,0,0.00,0,3,0,No aplica,"Plaza según clasificación oficial, sin conflicto textual",EPSG:4326,espacio_verde_publico.csv
1296,Plaza Henry Dunant,Pza. Henry Dunant,Plaza,PLAZA,No informado,PRIMERA JUNTA - GUARDIA NACIONAL - CHAMICAL - CAROYA,Mataderos,9,SI,3161.573084526612,994.4908511399001,-34.6573963847,-58.4811557241,-34.6576771247,-58.4813225260,Punto representativo interno del componente principal,1,34.69,0,15,0,No aplica,"Plaza según clasificación oficial, sin conflicto textual",EPSG:4326,espacio_verde_publico.csv
1300,Plaza Casa Cuna,Pza. Casa Cuna,Plaza,PLAZA,No informado,"MONTES DE OCA, MANUEL, AV. - CASEROS, AV. - BRASIL, AV. - HORNOS, GRAL. - FINOCHIETTO, ENRIQUE, DR.",Barracas,4,SI,4947.854131591616,1192.994882533183,-34.6296300137,-58.3781713859,-34.6296300137,-58.3781713859,Centroide geométrico,0,0.00,0,12,0,No aplica,"Plaza según clasificación oficial, sin conflicto textual",EPSG:4326,espacio_verde_publico.csv
1303,Plaza Concepción del Alto de San Pedro,Pza. Concepción del Alto de San Pedro,Plaza,PLAZA,No informado,"IRIGOYEN, BERNARDO DE - INDEPENDENCIA, AV. - ESTADOS UNIDOS - 9 DE JULIO, AV.",Constitucion,1,NO,855.558115473945,212.92021505547177,-34.6179213847,-58.3804534164,-34.6180731514,-58.3804478733,Punto representativo interno del componente principal,1,16.84,0,5,0,No aplica,"Plaza según clasificación oficial, sin conflicto textual",EPSG:4326,espacio_verde_publico.csv
1312,Parque de la Memoria,Pque. de la Memoria,Parque,PARQUE,No informado,RAFAEL COSTANERA OBLIGADO AV 7001,Belgrano,13,NO,63642.97743810202,7419.795315910248,-34.5411107190,-58.4377527988,-34.5411107190,-58.4377527988,Centroide geométrico,0,0.00,0,347,0,No aplica,"Parque según clasificación oficial y superficie >= 1,000 m²",EPSG:4326,espacio_verde_publico.csv
1313,Ciudad Universitaria,Ciudad Universitaria,Parque,PARQUE,No informado,"DARIO, RUBEN, AV. PROLONGACION IMAGINARIA - RIO DE LA PLATA - OBLIGADO, RAFAEL, AV. COSTANERA - CALLE ACCESO A CIUDAD UNIVERSITARIA - PROYECCION FACHADAS NORDESTE PABELLONES II, III Y BASES DE LOS PABELL",Belgrano,13,NO,174083.28625400196,23811.63960203676,-34.5400859324,-58.4462069546,-34.5411730270,-58.4438720652,Punto representativo interno del componente principal,1,245.88,0,141,1,Ciudad Universitaria: confirmar acceso y delimitación,"Parque según clasificación oficial y superficie >= 1,000 m²",EPSG:4326,espacio_verde_publico.csv
1314,Plaza del Ángel Gris,Pza. del Ángel Gris,Plaza,PLAZA,No informado,"AVELLANEDA, AV. - BOGOTA - CALCENA - ALVAREZ, DONATO, TTE. GRAL., AV.",Flores,7,SI,10718.40100996949,2247.5737860362137,-34.6220684895,-58.4565783478,-34.6220684895,-58.4565783478,Centroide geométrico,0,0.00,0,19,0,No aplica,"Plaza según clasificación oficial, sin conflicto textual",EPSG:4326,espacio_verde_publico.csv
1327,Plaza Santos Dumont,Pza. Santos Dumont,Plaza,PLAZA,No informado,CRAMER Y SANTOS DUMONT,Palermo,14,SI,1171.8113218059086,386.738437573135,-34.5761264462,-58.4424494093,-34.5761264462,-58.4424494093,Centroide geométrico,0,0.00,0,1,0,No aplica,"Plaza según clasificación oficial, sin conflicto textual",EPSG:4326,espacio_verde_publico.csv
1328,Plaza Boedo,Pza. Boedo,Plaza,PLAZA,No informado,CARLOS CALVO - SANCHEZ DE LORIA - ESTADOS UNIDOS,Boedo,5,SI,6126.725008937139,1068.560424556436,-34.6224694653,-58.4123642116,-34.6224953341,-58.4127467051,Punto representativo interno del componente principal,1,35.19,0,7,0,No aplica,"Plaza según clasificación oficial, sin conflicto textual",EPSG:4326,espacio_verde_publico.csv
1329,Plaza Intendente Casares,Pza. Intendente Casares,Plaza,PLAZA,No informado,"SANTA FE, Av. - REP. ÁRABE SIRIA. - JARDÍN BOTÁNICO",Palermo,14,SI,4810.129728040788,1165.1432571249386,-34.5838480975,-58.4165751533,-34.5838480975,-58.4165751533,Centroide geométrico,0,0.00,0,15,0,No aplica,"Plaza según clasificación oficial, sin conflicto textual",EPSG:4326,espacio_verde_publico.csv
1330,Carlos Thays (Jardín Botánico),Jardín Botánico Carlos Thays,Jardín botánico,JARDÍN BOTÁNICO,No informado,"SANTA FE, Av. - LAS HERAS, GRAL. Av. - MALABIA",Palermo,14,NO,49871.30962288933,11398.325328049106,-34.5818214082,-58.4175865517,-34.5825187970,-58.4172840730,Punto representativo interno del componente principal,1,82.17,0,149,0,No aplica,Jardín botánico de uso recreativo y educativo,EPSG:4326,espacio_verde_publico.csv
1331,Gral. Francisco Ramírez // Pita y Pedernera,Jardín Gral. Francisco Ramírez - Pita y Pedernera,Jardín o paseo verde,JARDÍN,No informado,"SARMIENTO, AV. E/ SANTA FE, AV. Y COLOMBIA, AV. (VEREDON NORTE O DE LA EXPOSICION RURAL)",Palermo,14,NO,5544.478461957995,1782.1578043365087,-34.5779209047,-58.4180643941,-34.5783860473,-58.4187000235,Punto representativo interno del componente principal,1,77.86,0,43,0,No aplica,"Jardín identificado con superficie >= 5,000 m² o patio de juegos",EPSG:4326,espacio_verde_publico.csv
1332,Plaza Jacarandá,Pza. Jacarandá,Plaza,PLAZA,No informado,"SANTA FE, Av. 5089 - 5111",Palermo,14,SI,368.2612799182369,367.1442588619122,-34.5761432534,-58.4315677511,-34.5761432534,-58.4315677511,Centroide geométrico,0,0.00,0,12,0,No aplica,"Plaza según clasificación oficial, sin conflicto textual",EPSG:4326,espacio_verde_publico.csv
1334,Madre Teresa de Calcuta,Jardín Madre Teresa de Calcuta,Jardín o paseo verde,JARDÍN,No informado,BULLRICH AV ENTRE DEL LIBERTADOR AV Y SANTA FE AV,Palermo,14,NO,16671.30951882738,6600.298008728277,-34.5763171087,-58.4253314345,-34.5747525384,-58.4246925670,Punto representativo interno del componente principal,1,183.16,0,32,0,No aplica,"Jardín identificado con superficie >= 5,000 m² o patio de juegos",EPSG:4326,espacio_verde_publico.csv
1340,Plaza de la Shoá,Pza. de la Shoá,Plaza,PLAZA,No informado,"DEL LIBERTADOR AV, FREYRE MARCELINO, VÍAS DEL FFCC SAN MARTÍN Y VÍAS DEL FFCC MITRE",Palermo,14,NO,5901.863382198082,1438.1394921443002,-34.5704348397,-58.4220998976,-34.5704348397,-58.4220998976,Centroide geométrico,0,0.00,0,18,0,No aplica,"Plaza según clasificación oficial, sin conflicto textual",EPSG:4326,espacio_verde_publico.csv
1341,Pque. Polidep. Pdte. Julio A. Roca,Pque. Polidep. Pdte. Julio A. Roca,Parque,PARQUE,No informado,No informado,Villa Soldati,8,No informado,435881.09075256437,25206.41376871699,-34.6756828883,-58.4380617435,-34.6748021056,-58.4413298146,Punto representativo interno del componente principal,1,314.99,1,44,1,Parque Polideportivo Julio A. Roca: confirmar proporción de espacio verde,"Parque según clasificación oficial y superficie >= 1,000 m²",EPSG:4326,espacio_verde_publico.csv
1352,Parque Colón,Pque. Colón,Parque,PARQUE,No informado,"PASEO COLON, AV. - LA RABIDA (N) - HUERGO, ING., AV. - LA RABIDA (S)",Monserrat,1,NO,13383.29758054083,2068.1333562688064,-34.6077161439,-58.3691502616,-34.6077161439,-58.3691502616,Centroide geométrico,0,0.00,0,5,0,No aplica,"Parque según clasificación oficial y superficie >= 1,000 m²",EPSG:4326,espacio_verde_publico.csv
1353,Plaza Israel,Pza. Israel,Plaza,PLAZA,No informado,AV FIGUEROA ALCORTA - AV DE LOS OMBUES - ANDRES BELLO,Palermo,14,NO,24253.64923879498,948.2390652606696,-34.5605616319,-58.4264849136,-34.5605616319,-58.4264849136,Centroide geométrico,0,0.00,0,1,0,No aplica,"Plaza según clasificación oficial, sin conflicto textual",EPSG:4326,espacio_verde_publico.csv
1359,Paseo de Versalles,Jardín Paseo de Versalles,Jardín o paseo verde,JARDÍN,No informado,"PORCEL DE PERALTA, MANUEL - GAMBOA, MARCELO - BARRAGAN - ARREGUI",Versalles,10,SI,7552.388073675287,1912.8376556349504,-34.6301398815,-58.5239486628,-34.6301398815,-58.5239486628,Centroide geométrico,0,0.00,0,15,0,No aplica,"Jardín identificado con superficie >= 5,000 m² o patio de juegos",EPSG:4326,espacio_verde_publico.csv
1361,Plaza Alexander Fleming / Luis Alberto Spinetta,Pza. Alexander Fleming / Luis Alberto Spinetta,Plaza,PLAZA,No informado,"QUINTEROS, LIDORO - RAFAEL HERNANDEZ",Belgrano,13,SI,537.0017396601079,375.7400317339579,-34.5501338870,-58.4502431131,-34.5501338870,-58.4502431131,Centroide geométrico,0,0.00,0,11,0,No aplica,"Plaza según clasificación oficial, sin conflicto textual",EPSG:4326,espacio_verde_publico.csv
1362,Plaza República de Haití,Pza. Rep. de Haití,Plaza,PLAZA,No informado,"FREIRE, RAMON, CAP. GRAL. - DORREGO, AV. - FIGUEROA ALCORTA, PRES., AV. - VIAS DEL FCGBM",Palermo,14,NO,16077.480041397346,1506.1433601888798,-34.5677143684,-58.4209494201,-34.5676707274,-58.4206383413,Punto representativo interno del componente principal,1,28.95,0,6,0,No aplica,"Plaza según clasificación oficial, sin conflicto textual",EPSG:4326,espacio_verde_publico.csv
1363,Plaza República de Serbia,Pza. Rep. de Serbia,Plaza,PLAZA,No informado,FIGUEROA ALCORTA PRES AV E/ DORREGO AV y VIÁS DEL FFCC MITRE,Palermo,14,NO,12556.667404515922,702.0742556856762,-34.5665392661,-58.4188259895,-34.5665392661,-58.4188259895,Centroide geométrico,0,0.00,0,1,0,No aplica,"Plaza según clasificación oficial, sin conflicto textual",EPSG:4326,espacio_verde_publico.csv
1373,Parque Agustín P. Justo,Pque. Agustín P. Justo,Parque,PARQUE,No informado,FIGUEROA ALCORTA AV - VALENTIN ALSINA AV - BELISARIO ROLDAN AV - VÍAS DEL FFCC SAN MARTIN - LEVILLIER ROBERTO,Palermo,14,NO,21978.91534653094,2075.4734208120417,-34.5693428722,-58.4139929044,-34.5693428722,-58.4139929044,Centroide geométrico,0,0.00,0,2,0,No aplica,"Parque según clasificación oficial y superficie >= 1,000 m²",EPSG:4326,espacio_verde_publico.csv
1379,Parque Pioneros de la Antártida Argentina,Pque. Pioneros de la Antártida Argentina,Parque,PARQUE,No informado,"PAZ, GRAL. - GERCHUNOFF, ALBERTO - YRUITIA, ROGELIO - ANDONAEGUI",Saavedra,12,SI,40835.95930896829,1095.7167680850894,-34.5604868260,-58.5038755401,-34.5604868260,-58.5038755401,Centroide geométrico,0,0.00,0,1,0,No aplica,"Parque según clasificación oficial y superficie >= 1,000 m²",EPSG:4326,espacio_verde_publico.csv
1391,Parque de Flora Nativa Benito Quinquela Martin,Pque. de Flora Nativa Benito Quinquela Martin,Parque,PARQUE,No informado,IRALA - ESPORA TOMAS - VALLE ARISTÓBULO DEL - PI Y MARGALL,La Boca,4,SI,24342.98678742455,6058.478494041973,-34.6322308126,-58.3672861306,-34.6322308126,-58.3672861306,Centroide geométrico,0,0.00,0,48,0,No aplica,"Parque según clasificación oficial y superficie >= 1,000 m²",EPSG:4326,espacio_verde_publico.csv
1393,Plaza Gumersindo González,Pza. Gumersindo González,Plaza,PLAZA,No informado,"SAMPERIO, MANUEL J. - HORNOS, GRAL. - FINOCHIETTO ENRIQUE DR. - HERRERA",Barracas,4,NO,19943.655988134145,3561.6768841673447,-34.6332991287,-58.3777691172,-34.6334283482,-58.3783369962,Punto representativo interno del componente principal,1,54.00,0,10,0,No aplica,"Plaza según clasificación oficial, sin conflicto textual",EPSG:4326,espacio_verde_publico.csv
1394,Plaza Poeta Ricardo E. Lleras,Pza. Poeta Ricardo E. Lleras,Plaza,PLAZA,No informado,"HERRERA - SAMPERIO, MANUEL J. - HORNOS, GRAL. - VALLE, ARISTOBULO DEL",Barracas,4,SI,6215.492552084994,1505.2632135378728,-34.6353721289,-58.3777783459,-34.6353721289,-58.3777783459,Centroide geométrico,0,0.00,0,5,0,No aplica,"Plaza según clasificación oficial, sin conflicto textual",EPSG:4326,espacio_verde_publico.csv
1395,No informado,No informado,Plaza,PLAZA,No informado,"ARAOZ DE LAMADRID, G., GRAL. - HORNOS, GRAL. - SUAREZ - HERRERA",Barracas,4,NO,2815.6218825049395,459.67023745068633,-34.6412831256,-58.3757672848,-34.6412831256,-58.3757672848,Centroide geométrico,0,0.00,0,1,0,No aplica,"Plaza según clasificación oficial, sin conflicto textual",EPSG:4326,espacio_verde_publico.csv
1396,No informado,No informado,Plaza,PLAZA,No informado,"ARAOZ DE LAMADRID, G., GRAL. - HORNOS, GRAL. - SUAREZ - HERRERA",Barracas,4,NO,2248.8787068154484,461.05123529928517,-34.6409469578,-58.3766945348,-34.6409469578,-58.3766945348,Centroide geométrico,0,0.00,0,1,0,No aplica,"Plaza según clasificación oficial, sin conflicto textual",EPSG:4326,espacio_verde_publico.csv
1397,Plaza Ángel Villoldo,Pza. Ángel Villoldo,Plaza,PLAZA,No informado,"HERRERA 1900 - URIARTE, GRAL - HORNOS,GRAL. - RIO CUARTO",Barracas,4,NO,5141.845413594522,1032.8072365047535,-34.6491182086,-58.3743636960,-34.6491182086,-58.3743636960,Centroide geométrico,0,0.00,0,3,0,No aplica,"Plaza según clasificación oficial, sin conflicto textual",EPSG:4326,espacio_verde_publico.csv
1398,Plaza Sergio Karakachoff,Pza. Sergio Karakachoff,Plaza,PLAZA,No informado,"HERRERA - BRANDEN - HORNOS, GRAL - SUAREZ",Barracas,4,NO,7407.112671985876,1277.9010928222697,-34.6389033430,-58.3761993551,-34.6389569127,-58.3766314328,Punto representativo interno del componente principal,1,40.05,0,3,0,No aplica,"Plaza según clasificación oficial, sin conflicto textual",EPSG:4326,espacio_verde_publico.csv
1405,Plaza José Martí,Pza. José Martí,Plaza,PLAZA,No informado,"SOLDADO DE LA FRONTERA - VILLEGAS, CONRADO, GRAL. - LARRAZABAL - DIAZ, ANA",Villa Lugano,8,SI,8755.557248919482,1590.3060000017288,-34.6814100430,-58.4661510544,-34.6814100430,-58.4661510544,Centroide geométrico,0,0.00,0,13,0,No aplica,"Plaza según clasificación oficial, sin conflicto textual",EPSG:4326,espacio_verde_publico.csv
1406,Plaza Nunca Más,Pza. Nunca Más,Plaza,PLAZA,No informado,"Parcela 2c de la Manzana 70, intersección con el eje de la calle Bolivia, calle Cabezón, intersección con el eje de la calle Condarco y Obispo San Alberto y Estación Villa Pueyrredón del FFCC Mitre",Villa Pueyrredon,12,SI,4409.945020866819,1255.017667050628,-34.5804032206,-58.5030995937,-34.5804032206,-58.5030995937,Centroide geométrico,0,0.00,0,7,0,No aplica,"Plaza según clasificación oficial, sin conflicto textual",EPSG:4326,espacio_verde_publico.csv
1414,Plaza Jorge Casal,Pza. Jorge Casal,Plaza,PLAZA,No informado,AV TRIUNVIRATO - AV ROOSVELT - DÍAZ COLODRERO - VÍAS DEL FFCC MITRE (José León Suárez),Villa Urquiza,12,SI,714.5478548828995,508.12252698566454,-34.5736386601,-58.4863909055,-34.5736127452,-58.4865162840,Punto representativo interno del componente principal,1,11.86,0,5,0,No aplica,"Plaza según clasificación oficial, sin conflicto textual",EPSG:4326,espacio_verde_publico.csv
1420,Parque Santojanni,Pque. Santojanni,Parque,PARQUE,No informado,"DE LA TORRE, LISANDRO, AV. - PATRON - ACASSUSO - RUCCI, JOSE I.",Liniers,9,SI,17015.471564970456,3069.050036427658,-34.6472124645,-58.5131209328,-34.6474717656,-58.5136846634,Punto representativo interno del componente principal,1,59.14,0,14,0,No aplica,"Parque según clasificación oficial y superficie >= 1,000 m²",EPSG:4326,espacio_verde_publico.csv
1421,Pque. Depvo. Onega,Pque. Depvo. Onega,Parque,PARQUE,No informado,No informado,Villa Devoto,11,SI,8224.764710819554,1932.8661707366493,-34.5944498479,-58.5144066467,-34.5944498479,-58.5144066467,Centroide geométrico,0,0.00,0,16,0,No aplica,"Parque según clasificación oficial y superficie >= 1,000 m²",EPSG:4326,espacio_verde_publico.csv
1422,Parque Eva Duarte de Perón,Pque. Eva Duarte de Perón,Parque,PARQUE,No informado,AV ROSARIO VERA PEÑALOZA - AV CALABRIA - LANTERI JULIETA - AV RAWSON DELEPIANE,Puerto Madero,1,SI,23067.92023750109,4245.252749442751,-34.6188408456,-58.3586836468,-34.6188408456,-58.3586836468,Centroide geométrico,0,0.00,0,61,0,No aplica,"Parque según clasificación oficial y superficie >= 1,000 m²",EPSG:4326,espacio_verde_publico.csv
1444,Jardín Japonés,Jardín Japonés,Plaza,PLAZA,No informado,"DEL LIBERTADOR, AV. - SARMIENTO, AV. - BERRO, ADOLFO, AV. - CASARES, AV.",Palermo,14,SI,13657.132428423885,4616.564230458871,-34.5751906225,-58.4092951861,-34.5751906225,-58.4092951861,Centroide geométrico,0,0.00,1,43,1,Jardín Japonés: confirmar condiciones de acceso,"Plaza según clasificación oficial, sin conflicto textual",EPSG:4326,espacio_verde_publico.csv
1445,Plaza Sicilia,Pza. Sicilia,Plaza,PLAZA,No informado,"DEL LIBERTADOR, AV. - SARMIENTO, AV. - BERRO, ADOLFO, AV. - CASARES, AV.",Palermo,14,SI,94972.14706758109,9079.13162748154,-34.5745369434,-58.4117839482,-34.5745369434,-58.4117839482,Centroide geométrico,0,0.00,0,50,0,No aplica,"Plaza según clasificación oficial, sin conflicto textual",EPSG:4326,espacio_verde_publico.csv
1452,Plaza Delfo Cabrera,Pza. Delfo Cabrera,Plaza,PLAZA,No informado,RUIZ DE LOS LLANOS - DIAZ CESAR GRAL - IRIGOYEN - JUSTO JUAN B,Villa Luro,10,SI,4963.334670095881,380.11814236744084,-34.6351207335,-58.5080339529,-34.6351207335,-58.5080339529,Centroide geométrico,0,0.00,0,1,0,No aplica,"Plaza según clasificación oficial, sin conflicto textual",EPSG:4326,espacio_verde_publico.csv
1454,Plaza Las Toscaneras de Villa Real,Pza. Las Toscaneras de Va. Real,Plaza,PLAZA,No informado,LISTA RAMON CNEL - VIRGILIO - VARELA JOSE PEDRO - MOLIERE,Villa Real,10,SI,8234.174087392264,2020.135831280774,-34.6165001549,-58.5253357870,-34.6165001549,-58.5253357870,Centroide geométrico,0,0.00,0,23,0,No aplica,"Plaza según clasificación oficial, sin conflicto textual",EPSG:4326,espacio_verde_publico.csv
1463,Plaza Lic. Carlos Campelo,Pza. Lic. Carlos Campelo,Plaza,PLAZA,No informado,"VIAS DEL FERROCARRIL BARTOLOME MITRE ENTRE UGARTE, MANUEL - WASHINGTON - ESTOMBA - MONROE",Coghlan,12,SI,5256.10522599417,841.217277406392,-34.5647536204,-58.4760997412,-34.5649897291,-58.4755029518,Punto representativo interno del componente principal,1,60.70,0,5,0,No aplica,"Plaza según clasificación oficial, sin conflicto textual",EPSG:4326,espacio_verde_publico.csv
1464,Plaza Estación Coghlan,Pza. Estación Coghlan,Plaza,PLAZA,No informado,VIAS DEL FERROCARRIL BARTOLOME MITRE ENTRE NAHUEL HUAPI - TRONADOR - ESTOMBA - MONROE,Coghlan,12,SI,11849.489638405268,2222.649018611646,-34.5658306206,-58.4746978545,-34.5658306206,-58.4746978545,Centroide geométrico,0,0.00,1,11,0,No aplica,"Plaza según clasificación oficial, sin conflicto textual",EPSG:4326,espacio_verde_publico.csv
1465,Plaza Julio César Fumarola,Pza. Julio César Fumarola,Plaza,PLAZA,No informado,PERON JUAN DOMINGO - JEAN JAURES - ANCHORENA TOMAS - PREDIO VÍAS DEL FFCC,Balvanera,3,SI,1207.0703829838599,533.6737988045738,-34.6080231718,-58.4107453140,-34.6080743611,-58.4111750656,Punto representativo interno del componente principal,1,39.82,0,4,0,No aplica,"Plaza según clasificación oficial, sin conflicto textual",EPSG:4326,espacio_verde_publico.csv
1467,Plaza Paseo de la Vida Dr. René Favaloro,Pza. Paseo de la Vida Dr. René Favaloro,Plaza,PLAZA,No informado,BACACAY - ROJAS RICARDO - REPETTO NICOLAS - VÍAS DEL FFCC SARMIENTO,Caballito,6,NO,2355.454873073805,694.4069787358668,-34.6187546046,-58.4431242230,-34.6187444267,-58.4432260282,Punto representativo interno del componente principal,1,9.40,0,3,0,No aplica,"Plaza según clasificación oficial, sin conflicto textual",EPSG:4326,espacio_verde_publico.csv
1469,Plaza Fray Mocho,Pza. Fray Mocho,Plaza,PLAZA,No informado,"FIGUEROA ALCORTA, PRES., AV. - BUNGE, INT. - BELLO, ANDRES - DE LOS OMBUES, AV.",Palermo,14,NO,26570.902408826467,902.9391975619051,-34.5586287619,-58.4290493413,-34.5586287619,-58.4290493413,Centroide geométrico,0,0.00,0,1,0,No aplica,"Plaza según clasificación oficial, sin conflicto textual",EPSG:4326,espacio_verde_publico.csv
1477,Plaza Rosa Lamorte de Lombardo,Pza. Rosa Lamorte de Lombardo,Plaza,PLAZA,No informado,FRUCTUOSO RIVERA entre EREZCANO y PERITO MORENO AV,Nueva Pompeya,4,SI,6556.614980759989,2852.691591179479,-34.6515328190,-58.4278572683,-34.6515328190,-58.4278572683,Centroide geométrico,0,0.00,1,19,0,No aplica,"Plaza según clasificación oficial, sin conflicto textual",EPSG:4326,espacio_verde_publico.csv
1483,Plaza Juan Tronconi,Pza. Juan Tronconi,Plaza,PLAZA,No informado,TILCARA 3277/87 y DEL BARCO CENTENERA 3422,Nueva Pompeya,4,SI,293.0716159457148,170.77097371690843,-34.6541511717,-58.4190931093,-34.6542309217,-58.4191380155,Punto representativo interno del componente principal,1,9.76,0,6,0,No aplica,"Plaza según clasificación oficial, sin conflicto textual",EPSG:4326,espacio_verde_publico.csv
1484,Plaza Bosque Homenaje a las víctimas de Cromañón,Pza. Bosque Homenaje a las víctimas de Cromañón,Plaza,PLAZA,No informado,"FIGUEROA ALCORTA, PRES., AV. - DORREGO AV - CARCANO RAMÓN - JULIO A. NOBLE (ex GUERRICO)",Palermo,14,NO,8778.883037213713,473.4624052557285,-34.5612301218,-58.4213450702,-34.5612301218,-58.4213450702,Centroide geométrico,0,0.00,0,1,0,No aplica,"Plaza según clasificación oficial, sin conflicto textual",EPSG:4326,espacio_verde_publico.csv
1485,Plaza Monte Castro,Pza. Monte Castro,Plaza,PLAZA,No informado,"MERCEDES - MIRANDA - GUALEGUAYCHU - GONZALEZ, ELPIDIO",Monte Castro,10,SI,8418.439722597517,1147.3685871474968,-34.6180781824,-58.4975137071,-34.6180781824,-58.4975137071,Centroide geométrico,0,0.00,0,11,0,No aplica,"Plaza según clasificación oficial, sin conflicto textual",EPSG:4326,espacio_verde_publico.csv
1486,Plaza 29 de Diciembre de 2001,Pza. 29 de Diciembre de 2001,Plaza,PLAZA,No informado,"MERCEDES - MIRANDA - GONZALEZ, ELPIDIO",Monte Castro,10,NO,2715.8062322216265,443.97906573416054,-34.6177586746,-58.4966244713,-34.6177586746,-58.4966244713,Centroide geométrico,0,0.00,0,4,0,No aplica,"Plaza según clasificación oficial, sin conflicto textual",EPSG:4326,espacio_verde_publico.csv
1488,Plaza Holanda,Pza. Holanda,Plaza,PLAZA,No informado,"ISABEL, INFANTA, AV. - IRAOLA, AV. - MONTT, PEDRO, PRES., AV. - DEL LIBERTADOR, AV.",Palermo,14,NO,27831.81716227691,5427.548458398504,-34.5720080460,-58.4193739366,-34.5720080460,-58.4193739366,Centroide geométrico,0,0.00,0,55,0,No aplica,"Plaza según clasificación oficial, sin conflicto textual",EPSG:4326,espacio_verde_publico.csv
1489,Jardín de los Poetas (Plaza Holanda),Jardín de los Poetas (Pza. Holanda),Plaza,PLAZA,No informado,"ISABEL, INFANTA, AV. - IRAOLA, AV. - MONTT, PEDRO, PRES., AV.",Palermo,14,NO,2361.7217404151697,1094.8738657429114,-34.5719421741,-58.4166024643,-34.5714304777,-58.4167868856,Punto representativo interno del componente principal,1,59.22,0,28,0,No aplica,"Plaza según clasificación oficial, sin conflicto textual",EPSG:4326,espacio_verde_publico.csv
1490,El Rosedal (Plaza Holanda),El Rosedal (Pza. Holanda),Plaza,PLAZA,No informado,"ISABEL, INFANTA, AV. - IRAOLA, AV. - MONTT, PEDRO, PRES., AV.",Palermo,14,NO,60958.79293178228,12464.579247726046,-34.5708673694,-58.4146752964,-34.5712194868,-58.4172067849,Punto representativo interno del componente principal,1,235.51,0,156,0,No aplica,"Plaza según clasificación oficial, sin conflicto textual",EPSG:4326,espacio_verde_publico.csv
1497,Plaza San Cayetano de Liniers,Pza. San Cayetano de Liniers,Plaza,PLAZA,No informado,JUAN B JUSTO AV - CUZCO - SUBIDA COLECTORA GRAL PAZ,Versalles,10,SI,331.6414526367417,178.67843602165226,-34.6344851797,-58.5287060765,-34.6344980741,-58.5285526543,Punto representativo interno del componente principal,1,14.14,0,3,0,No aplica,"Plaza según clasificación oficial, sin conflicto textual",EPSG:4326,espacio_verde_publico.csv
1501,Plaza Abanderada de los Humildes,Pza. Abanderada de los Humildes,Plaza,PLAZA,No informado,BARRIO PIEDRABUENA - SECCIÓN 78 - MANZANA 159 D SECTOR 2,Villa Lugano,8,SI,640.8856000528453,258.40787862008426,-34.6789560600,-58.4918624630,-34.6788972270,-58.4917549074,Punto representativo interno del componente principal,1,11.82,0,4,0,No aplica,"Plaza según clasificación oficial, sin conflicto textual",EPSG:4326,espacio_verde_publico.csv
1505,Plaza Catalinas Sur,Pza. Catalinas Sur,Plaza,PLAZA,No informado,NECOCHEA - ENRIQUE GUSTAVINO - MIGUEL VICTORICA - MANUEL GÁLVEZ,La Boca,4,SI,2660.3145140628058,470.10997231466604,-34.6283924379,-58.3635324442,-34.6283924379,-58.3635324442,Centroide geométrico,0,0.00,0,3,0,No aplica,"Plaza según clasificación oficial, sin conflicto textual",EPSG:4326,espacio_verde_publico.csv
1507,Plaza Jaime Yankelevich,Pza. Jaime Yankelevich,Plaza,PLAZA,No informado,RUY DIAZ DE GUZMÁN y PINZÓN,Barracas,4,NO,422.3383173880959,261.71689438110684,-34.6363370720,-58.3708729713,-34.6363370720,-58.3708729713,Centroide geométrico,0,0.00,0,3,0,No aplica,"Plaza según clasificación oficial, sin conflicto textual",EPSG:4326,espacio_verde_publico.csv
1508,Plaza 18 de Diciembre de 1872,Pza. 18 de Diciembre de 1872,Plaza,PLAZA,No informado,GRAL PAZ AV - COLECTORA GRAL PAZ - TUYUTI - VENTURA BOSCH,Liniers,9,SI,5922.375744196099,876.8302637577722,-34.6437973352,-58.5289690882,-34.6437973352,-58.5289690882,Centroide geométrico,0,0.00,0,2,0,No aplica,"Plaza según clasificación oficial, sin conflicto textual",EPSG:4326,espacio_verde_publico.csv
1515,Plaza Guillermo y Alfredo Barbieri,Pza. Guillermo y Alfredo Barbieri,Plaza,PLAZA,No informado,LUNA - LOS PATOS - PEDRO CHUTRO - MOSTESQUIEU,Parque Patricios,4,SI,4198.042561246535,634.393040159838,-34.6403175629,-58.3993868487,-34.6403175629,-58.3993868487,Centroide geométrico,0,0.00,0,16,0,No aplica,"Plaza según clasificación oficial, sin conflicto textual",EPSG:4326,espacio_verde_publico.csv
1518,Paseo Guardavidas Argentinos,Paseo Guardavidas Argentinos,Plaza,PLAZA,No informado,TRISTÁN ACHAVAL RODRÍGUEZ - RESERVA ECOLÓGICA - FRENTE A MONUMENTO DE LAS NEREIDAS,Puerto Madero,1,NO,1795.7876362818085,530.8173566277687,-34.6166237500,-58.3557643004,-34.6167338397,-58.3559123807,Punto representativo interno del componente principal,1,18.26,0,4,0,No aplica,"Plaza según clasificación oficial, sin conflicto textual",EPSG:4326,espacio_verde_publico.csv
1536,Plaza República Árabe de Egipto,Pza. Rep. Árabe de Egipto,Plaza,PLAZA,No informado,SARMIENTO AV - ALCORTA FIGUEROA AV - CASARES AV,Palermo,14,SI,24696.981480165738,4110.7036924151325,-34.5712636673,-58.4101990017,-34.5708221453,-58.4101359026,Punto representativo interno del componente principal,1,49.31,0,33,0,No aplica,"Plaza según clasificación oficial, sin conflicto textual",EPSG:4326,espacio_verde_publico.csv
1540,Plaza Pirillo,Pza. Pirillo,Plaza,PLAZA,No informado,RIESTRA AV - CNEL ESTEBAN BONORINO AV,Flores,7,SI,325.06754852173094,201.10115382753412,-34.6489289359,-58.4402843439,-34.6488598550,-58.4402546747,Punto representativo interno del componente principal,1,8.13,0,7,0,No aplica,"Plaza según clasificación oficial, sin conflicto textual",EPSG:4326,espacio_verde_publico.csv
1542,Plaza Barrio Rivadavia,Pza. Barrio Rivadavia,Plaza,PLAZA,No informado,BARRIO RIVADAVIA,Flores,7,SI,1230.7631161473237,354.8710628150077,-34.6453760924,-58.4409133658,-34.6450147975,-58.4410985890,Punto representativo interno del componente principal,1,43.52,0,6,0,No aplica,"Plaza según clasificación oficial, sin conflicto textual",EPSG:4326,espacio_verde_publico.csv
1544,Centro Recreativo Deportivo Villa 15,Centro Recreativo y Deportivo Villa 15,Parque,PARQUE,No informado,VILLA 15 MANZANA 26,Villa Lugano,8,NO,6347.407336159504,534.4254300201874,-34.6727703021,-58.4909722644,-34.6727703021,-58.4909722644,Centroide geométrico,0,0.00,0,1,1,Centro Recreativo Deportivo Villa 15: confirmar proporción de espacio verde,"Parque según clasificación oficial y superficie >= 1,000 m²",EPSG:4326,espacio_verde_publico.csv
1559,Plaza Bichito de Luz,Pza. Bichito de Luz,Plaza,PLAZA,No informado,No informado,Retiro,1,NO,970.2259559529997,128.38527025030862,-34.5821123408,-58.3818280404,-34.5821123408,-58.3818280404,Centroide geométrico,0,0.00,0,1,0,No aplica,"Plaza según clasificación oficial, sin conflicto textual",EPSG:4326,espacio_verde_publico.csv
1564,Plaza Triángulo,Pza. Triángulo,Plaza,PLAZA,No informado,No informado,Retiro,1,SI,306.57298178554936,131.89212704385656,-34.5811003229,-58.3858212591,-34.5811003229,-58.3858212591,Centroide geométrico,0,0.00,0,3,0,No aplica,"Plaza según clasificación oficial, sin conflicto textual",EPSG:4326,espacio_verde_publico.csv
1572,Plaza El Maestro - Ravignani,Pza. El Maestro - Ravignani,Plaza,PLAZA,No informado,"BEIRO, FRANCISCO AV. - LISTA, RAMON, CNEL. - CALDERON DE LA BARCA, PEDRO, CNEL. - CERVANTES",Villa Devoto,11,SI,3685.206071110158,938.7080686467764,-34.6124761721,-58.5222624706,-34.6127857546,-58.5226156726,Punto representativo interno del componente principal,1,47.20,0,9,0,No aplica,"Plaza según clasificación oficial, sin conflicto textual",EPSG:4326,espacio_verde_publico.csv
1573,Pque. Natural Lago Lugano,Pque. Natural Lago Lugano,Parque,PARQUE,No informado,No informado,Villa Soldati,8,NO,155732.8298479331,11682.360363551741,-34.6806720752,-58.4489852292,-34.6794089245,-58.4453737710,Punto representativo interno del componente principal,1,359.34,0,24,0,No aplica,"Parque según clasificación oficial y superficie >= 1,000 m²",EPSG:4326,espacio_verde_publico.csv
1574,Parque de las Ciencias,"Pque. de las Ciencias - Min. Ciencia, Tecnología e Innovación",Parque,PARQUE,No informado,"GODOY CRUZ, PARAGUAY, SOLER Y VÍAS DEL FFCC SAN MARTÍN",Palermo,14,SI,8224.098432935705,2467.334342500127,-34.5821263195,-58.4293986077,-34.5821263195,-58.4293986077,Centroide geométrico,0,0.00,1,19,0,No aplica,"Parque según clasificación oficial y superficie >= 1,000 m²",EPSG:4326,espacio_verde_publico.csv
1575,Plaza de la Ciencia,Pza. de la Ciencia,Plaza,PLAZA,No informado,GODOY CRUZ ENTRE PARAGUAY Y GUATEMALA,Palermo,14,NO,160.94984143262513,154.3205579013653,-34.5823586462,-58.4286305215,-34.5822049927,-58.4284936221,Punto representativo interno del componente principal,1,21.17,0,3,0,No aplica,"Plaza según clasificación oficial, sin conflicto textual",EPSG:4326,espacio_verde_publico.csv
1576,Plaza Monroe,Pza. Monroe,Plaza,PLAZA,No informado,MONROE AV - HOLMBERG,Villa Urquiza,12,NO,1378.574013035157,694.3513304380663,-34.5687455419,-58.4777495714,-34.5687455419,-58.4777495714,Centroide geométrico,0,0.00,0,17,0,No aplica,"Plaza según clasificación oficial, sin conflicto textual",EPSG:4326,espacio_verde_publico.csv
1577,Plaza República de México,Pza. Rep. de México,Plaza,PLAZA,No informado,"FIGUEROA ALCORTA, PRES., AV. - LA PAMPA - ALSINA, VALENTIN, AV. - CASTAÑEDA",Belgrano,13,SI,7139.229067141292,786.486717491283,-34.5540554417,-58.4352520235,-34.5540554417,-58.4352520235,Centroide geométrico,0,0.00,0,4,0,No aplica,"Plaza según clasificación oficial, sin conflicto textual",EPSG:4326,espacio_verde_publico.csv
1585,No informado,No informado,Plaza,PLAZA,No informado,MARTÍN RODRÍGUEZ - JUAN MANUEL BLANES,La Boca,4,NO,1778.795588214662,1063.6632865652275,-34.6314450402,-58.3633292028,-34.6314967782,-58.3634536007,Punto representativo interno del componente principal,1,12.77,0,6,0,No aplica,"Plaza según clasificación oficial, sin conflicto textual",EPSG:4326,espacio_verde_publico.csv
1589,No informado,No informado,Plaza,PLAZA,No informado,"HERRERA 1800 - CALIFORNIA - HORNOS, GRAL. - IRIARTE, GRAL.",Barracas,4,NO,3898.8073683012685,1158.8477469119612,-34.6477620887,-58.3741758374,-34.6478174357,-58.3746903496,Punto representativo interno del componente principal,1,47.56,0,8,0,No aplica,"Plaza según clasificación oficial, sin conflicto textual",EPSG:4326,espacio_verde_publico.csv
1590,No informado,No informado,Plaza,PLAZA,No informado,"CALIFORNIA - AUTOPISTA ARTURO FRONDIZI - QUINQUELA MARTIN, BENITO - HERRERA",Barracas,4,NO,2277.0710013887283,589.3366525614962,-34.6461726814,-58.3754351769,-34.6461726814,-58.3754351769,Centroide geométrico,0,0.00,0,1,0,No aplica,"Plaza según clasificación oficial, sin conflicto textual",EPSG:4326,espacio_verde_publico.csv
1591,No informado,No informado,Plaza,PLAZA,No informado,"CALIFORNIA - HORNOS, GRAL. - QUINQUELA MARTIN, BENITO - AUTOPISTA ARTURO FRONDIZI",Barracas,4,NO,1459.6869627141134,466.58816493171645,-34.6452929116,-58.3750065047,-34.6452929116,-58.3750065047,Centroide geométrico,0,0.00,0,1,0,No aplica,"Plaza según clasificación oficial, sin conflicto textual",EPSG:4326,espacio_verde_publico.csv
1592,No informado,No informado,Plaza,PLAZA,No informado,"HORNOS, GRAL.1400 - QUINQUELA MARTIN, BENITO - HERRERA - ARAOZ DE LAMADRID, G., GRAL.",Barracas,4,NO,512.0760510580903,213.40523351566122,-34.6429774317,-58.3755700572,-34.6429774317,-58.3755700572,Centroide geométrico,0,0.00,0,1,0,No aplica,"Plaza según clasificación oficial, sin conflicto textual",EPSG:4326,espacio_verde_publico.csv
1593,No informado,No informado,Plaza,PLAZA,No informado,"HORNOS, GRAL.1400 - ARAOZ DE LAMADRID, G., GRAL. - SUAREZ - HERRERA",Barracas,4,NO,162.9728943454639,52.25373081962824,-34.6423884987,-58.3756367274,-34.6423884987,-58.3756367274,Centroide geométrico,0,0.00,0,1,1,Plaza sin nombre y menor a 500 m²; confirmar que sea un espacio independiente,"Plaza según clasificación oficial, sin conflicto textual",EPSG:4326,espacio_verde_publico.csv
1594,No informado,No informado,Plaza,PLAZA,No informado,"QUINQUELA MARTIN, BENITO - HERRERA - HORNOS, GRAL. - ARAOZ DE LAMADRID, G., GRAL.",Barracas,4,NO,516.0460917326632,415.3795019040707,-34.6430746280,-58.3762218542,-34.6431187210,-58.3762299004,Punto representativo interno del componente principal,1,4.95,0,2,0,No aplica,"Plaza según clasificación oficial, sin conflicto textual",EPSG:4326,espacio_verde_publico.csv
1595,No informado,No informado,Plaza,PLAZA,No informado,"ARAOZ DE LAMADRID, G., GRAL. - HORNOS, GRAL. - SUAREZ - HERRERA",Barracas,4,NO,35.54527625527185,27.430137958463884,-34.6425592515,-58.3763868928,-34.6425592515,-58.3763868928,Centroide geométrico,0,0.00,0,1,1,Plaza sin nombre y menor a 500 m²; confirmar que sea un espacio independiente,"Plaza según clasificación oficial, sin conflicto textual",EPSG:4326,espacio_verde_publico.csv
1607,Plaza Madre Ana María Mogas - Sector Parque Santojanni,Pza. Madre Ana M. Mogas (Pque. Santojanni),Plaza,PLAZA,No informado,"DE LA TORRE, LISANDRO, AV. - PATRON - ACASSUSO - PILAR",Liniers,9,SI,5424.37770778819,1382.7273806035441,-34.6495473233,-58.5160376298,-34.6496532601,-58.5161722141,Punto representativo interno del componente principal,1,17.04,0,12,0,No aplica,"Plaza según clasificación oficial, sin conflicto textual",EPSG:4326,espacio_verde_publico.csv
1614,Plaza Vespucio,Pza. Vespucio,Plaza,PLAZA,No informado,VESPUCIO ENTRE DANIEL CERRI Y CALIFORNIA,La Boca,4,SI,1124.1295511904777,175.88300158760228,-34.6455298757,-58.3631559278,-34.6455298757,-58.3631559278,Centroide geométrico,0,0.00,0,1,0,No aplica,"Plaza según clasificación oficial, sin conflicto textual",EPSG:4326,espacio_verde_publico.csv
1618,Plaza del Caballito,Pza. del Caballito,Plaza,PLAZA,No informado,ROJAS 130 - VÍAS DEL FFCC SARMIENTO -FEDERICO GARÍA LORCA,Caballito,6,SI,5360.577944128732,1467.3031880102958,-34.6194062893,-58.4433656874,-34.6194062893,-58.4433656874,Centroide geométrico,0,0.00,0,10,0,No aplica,"Plaza según clasificación oficial, sin conflicto textual",EPSG:4326,espacio_verde_publico.csv
1623,Plaza Ana Díaz,Pza. Ana Díaz,Plaza,PLAZA,No informado,ANA DIAZ AV - SOLDADO DE LA FRONTERA AV,Villa Lugano,8,SI,3375.0970115208866,1048.3245422272512,-34.6824186106,-58.4675746778,-34.6824186106,-58.4675746778,Centroide geométrico,0,0.00,0,10,0,No aplica,"Plaza según clasificación oficial, sin conflicto textual",EPSG:4326,espacio_verde_publico.csv
1624,Plaza Piedra Buena y Saraza - De los Vecinos (No oficial),Pza. Piedra Buena y Saraza - De los Vecinos,Plaza,PLAZA,No informado,PIEDRA BUENA Y SARAZA,Villa Lugano,8,SI,1520.1546571619074,838.7306424566071,-34.6774208249,-58.4879897615,-34.6774208249,-58.4879897615,Centroide geométrico,0,0.00,0,18,1,La fuente indica que la denominación no es oficial,"Plaza según clasificación oficial, sin conflicto textual",EPSG:4326,espacio_verde_publico.csv
1626,Plaza Nuestra Señora de Fátima,Pza. Nuestra Sra. de Fátima,Plaza,PLAZA,No informado,"BARROS PAZOS, JOSE - PERGAMINO - CHILAVERT, MARTINIANO, CNEL. - ACOSTA, MARIANO",Villa Soldati,8,SI,4980.716232468649,1769.5420865659191,-34.6610802975,-58.4475531156,-34.6608201454,-58.4474458905,Punto representativo interno del componente principal,1,30.48,0,33,0,No aplica,"Plaza según clasificación oficial, sin conflicto textual",EPSG:4326,espacio_verde_publico.csv
1650,Plaza 1 de Marzo de 1948,Pza. 1 de Marzo de 1948,Plaza,PLAZA,No informado,JARAMILLO (PROYECCION IMAGINARIA) ENTRE VALDENEGRO Y MILLER,Saavedra,12,SI,1194.740401129664,500.82306480867885,-34.5594983707,-58.4913908733,-34.5594983707,-58.4913908733,Centroide geométrico,0,0.00,0,9,0,No aplica,"Plaza según clasificación oficial, sin conflicto textual",EPSG:4326,espacio_verde_publico.csv
1653,Jardín de Villa del Parque,Jardín de Va. del Parque,Jardín o paseo verde,JARDÍN,No informado,SANTO TOME - LLAVALLOL - ARREGUI - TEODORO VILARDEBO,Villa Del Parque,11,SI,1795.3953882580593,638.2884435322452,-34.6088886869,-58.4928269981,-34.6089450655,-58.4929256702,Punto representativo interno del componente principal,1,11.00,0,3,0,No aplica,"Jardín identificado con superficie >= 5,000 m² o patio de juegos",EPSG:4326,espacio_verde_publico.csv
1656,No informado,No informado,Plaza,PLAZA,No informado,NAZCA AV - CURUPAYTI - VIAS DEL FFCC SAN MARTIN - DEL FOMENTISTA,Villa Pueyrredon,12,SI,7629.549932523412,2233.6919647075392,-34.5811359413,-58.5098904869,-34.5811359413,-58.5098904869,Centroide geométrico,0,0.00,0,6,0,No aplica,"Plaza según clasificación oficial, sin conflicto textual",EPSG:4326,espacio_verde_publico.csv
1669,Plaza Arquitecto Juan Kurchan,Pza. Arq. Juan Kurchan,Plaza,PLAZA,No informado,COSTANERA RAFAEL OBLIGADO AV 7402,Belgrano,13,NO,1501.8438532277146,340.1999481845878,-34.5432097104,-58.4370980420,-34.5432097104,-58.4370980420,Centroide geométrico,0,0.00,0,4,0,No aplica,"Plaza según clasificación oficial, sin conflicto textual",EPSG:4326,espacio_verde_publico.csv
1670,Plaza Ingeniero Antonio Vilar,Pza. Ing. Antonio Vilar,Plaza,PLAZA,No informado,COSTANERA RAFAEL OBLIGADO AV 6562,Belgrano,13,NO,689.535747673452,235.7811605019477,-34.5478678920,-58.4313721513,-34.5478982972,-58.4313129282,Punto representativo interno del componente principal,1,6.40,0,3,0,No aplica,"Plaza según clasificación oficial, sin conflicto textual",EPSG:4326,espacio_verde_publico.csv
1671,Plaza Arquitecto Alberto H. Prebisch,Plaza Arq. Alberto H. Prebisch,Plaza,PLAZA,No informado,COSTANERA RAFAEL OBLIGADO AV 6902,Belgrano,13,NO,402.54939649875143,254.8495555482644,-34.5455147491,-58.4315692011,-34.5455092520,-58.4315390710,Punto representativo interno del componente principal,1,2.83,0,6,0,No aplica,"Plaza según clasificación oficial, sin conflicto textual",EPSG:4326,espacio_verde_publico.csv
1672,Plaza Ingeniero José Luis Delpini,Pza. Ing. José L. Delpini,Plaza,PLAZA,No informado,COSTANERA RAFAEL OBLIGADO AV 6652,Belgrano,13,NO,296.839962946769,121.06893808374284,-34.5468040864,-58.4313044817,-34.5469245546,-58.4312818702,Punto representativo interno del componente principal,1,13.52,0,2,0,No aplica,"Plaza según clasificación oficial, sin conflicto textual",EPSG:4326,espacio_verde_publico.csv
1673,Plaza Arquitecto Amancio Williams,Pza. Arq. Amancio Williams,Plaza,PLAZA,No informado,COSTANERA RAFAEL OBLIGADO AV 6202,Belgrano,13,NO,229.18667283486272,157.01462543008108,-34.5506680275,-58.4300097482,-34.5506353319,-58.4300787038,Punto representativo interno del componente principal,1,7.29,0,5,0,No aplica,"Plaza según clasificación oficial, sin conflicto textual",EPSG:4326,espacio_verde_publico.csv
1674,Plaza Arquitecto Wladimiro Acosta,Pza. Arq. Wladimiro Acosta,Plaza,PLAZA,No informado,GUIRALDES AV - COSTANERA RAFAEL OBLIGADO AV,Belgrano,13,NO,801.5234293506086,188.09058534193693,-34.5434753964,-58.4375918493,-34.5434753964,-58.4375918493,Centroide geométrico,0,0.00,0,2,0,No aplica,"Plaza según clasificación oficial, sin conflicto textual",EPSG:4326,espacio_verde_publico.csv
1675,Plaza Arquitecto René Karman,Pza. Arq. René Karman,Plaza,PLAZA,No informado,COSTANERA RAFAEL OBLIGADO AV 7001,Belgrano,13,NO,217.64396816326928,171.47981942965552,-34.5444154267,-58.4323614483,-34.5444124733,-58.4324510468,Punto representativo interno del componente principal,1,8.23,0,1,0,No aplica,"Plaza según clasificación oficial, sin conflicto textual",EPSG:4326,espacio_verde_publico.csv
1676,Plaza Arquitecto Alejandro Bustillo,Pza. Arq. Alejandro Bustillo,Plaza,PLAZA,No informado,COSTANERA RAFAEL OBLIGADO AV 7101,Belgrano,13,NO,607.225474667359,293.5860749954345,-34.5433487147,-58.4341208971,-34.5433031867,-58.4343927193,Punto representativo interno del componente principal,1,25.45,0,2,0,No aplica,"Plaza según clasificación oficial, sin conflicto textual",EPSG:4326,espacio_verde_publico.csv
1702,Plaza Barrio Gral Manuel Savio,Pza. Barrio Gral Savio - Lugano,Plaza,PLAZA,No informado,AV CNEL ROCA - AV LARRAZABAL - AV SOLDADO DE LA FRONTERA,Villa Lugano,8,SI,15243.366194355947,2205.8703351888503,-34.6858564440,-58.4588630914,-34.6867693145,-58.4589868429,Punto representativo interno del componente principal,1,101.88,0,17,0,No aplica,"Plaza según clasificación oficial, sin conflicto textual",EPSG:4326,espacio_verde_publico.csv
1703,Parque Elcano de Chacarita (no oficial),Pque. Elcano de Chacarita,Parque,PARQUE,No informado,AV ELCANO - CALDAS - STEPHENSON - CEMENTERIO DE LA CHACARITA,Chacarita,15,SI,11878.471047730209,3130.7094696532085,-34.5868943450,-58.4615605509,-34.5869186099,-58.4619189094,Punto representativo interno del componente principal,1,32.98,0,30,1,La fuente indica que la denominación no es oficial,"Parque según clasificación oficial y superficie >= 1,000 m²",EPSG:4326,espacio_verde_publico.csv
1715,Pompeya No Olvida - Plaza de la Memoria (no oficial),Pompeya No Olvida - Pza. de la Memoria,Plaza,PLAZA,No informado,AMANCIO ALCORTA AV - OCHOA ENRIQUE,Nueva Pompeya,4,NO,314.24950980318755,213.51877579148706,-34.6549374634,-58.4135243127,-34.6549374634,-58.4135243127,Centroide geométrico,0,0.00,0,2,1,La fuente indica que la denominación no es oficial,"Plaza según clasificación oficial, sin conflicto textual",EPSG:4326,espacio_verde_publico.csv
1722,Plaza Rumania,Pza. Rumania,Plaza,PLAZA,No informado,EMPEDRADO 2391 - BORDABEHERE ENZO,Villa Del Parque,11,NO,282.3362876869037,221.24198564408982,-34.5996823613,-58.4815006912,-34.5996823613,-58.4815006912,Centroide geométrico,0,0.00,0,6,0,No aplica,"Plaza según clasificación oficial, sin conflicto textual",EPSG:4326,espacio_verde_publico.csv
1728,Plaza Paso Bajo Nivel Beiró,Pza. PBN Beiró,Plaza,PLAZA,No informado,SOBRE PASO BAJO NIVEL DE AV BEIRÓ,Agronomia,15,NO,1487.733741565133,606.1696833172961,-34.5925338359,-58.4901021423,-34.5929481503,-58.4907923661,Punto representativo interno del componente principal,1,78.23,0,10,0,No aplica,"Plaza según clasificación oficial, sin conflicto textual",EPSG:4326,espacio_verde_publico.csv
1729,Plaza Crámer (No oficial),Pza. Crámer,Plaza,PLAZA,No informado,AV CRAMER 475,Colegiales,13,SI,662.4973781234257,376.6400263329409,-34.5741826247,-58.4456315661,-34.5744199910,-58.4452045116,Punto representativo interno del componente principal,1,47.20,0,11,1,La fuente indica que la denominación no es oficial,"Plaza según clasificación oficial, sin conflicto textual",EPSG:4326,espacio_verde_publico.csv
1745,Plaza Clemente,Pza. Clemente,Plaza,PLAZA,No informado,CONDE - CONCEPCION ARENAL - GRAL ENRIQUE MARTINEZ - DORREGO,Colegiales,13,SI,4186.665020794404,1045.9795579021945,-34.5817140818,-58.4437663998,-34.5815917285,-58.4442551008,Punto representativo interno del componente principal,1,46.84,0,6,0,No aplica,"Plaza según clasificación oficial, sin conflicto textual",EPSG:4326,espacio_verde_publico.csv
1746,No informado,No informado,Plaza,PLAZA,No informado,ANTEZANA - ROJAS - SAN MARTIN AV,Villa Crespo,15,NO,1943.0580876239792,481.8954575755321,-34.6071208773,-58.4469490054,-34.6071208773,-58.4469490054,Centroide geométrico,0,0.00,0,4,0,No aplica,"Plaza según clasificación oficial, sin conflicto textual",EPSG:4326,espacio_verde_publico.csv
1747,Plaza Ramón Carrillo (No Oficial),Pza. Ramón Carrillo (No Oficial),Plaza,PLAZA,No informado,"ACOSTA, MARIANO ENTRE PASAJE F Y PASAJE H",Villa Soldati,8,SI,6636.6328233385375,1641.317145800881,-34.6558766652,-58.4559864845,-34.6559708001,-58.4556009392,Punto representativo interno del componente principal,1,36.85,0,22,1,La fuente indica que la denominación no es oficial,"Plaza según clasificación oficial, sin conflicto textual",EPSG:4326,espacio_verde_publico.csv
1802,Plaza de los Lápices,Pza. de los Lápices,Plaza,PLAZA,No informado,No informado,Retiro,1,SI,258.1532412943194,76.10942229132918,-34.5855784170,-58.3784024816,-34.5855784170,-58.3784024816,Centroide geométrico,0,0.00,0,1,0,No aplica,"Plaza según clasificación oficial, sin conflicto textual",EPSG:4326,espacio_verde_publico.csv
1804,Plaza 103,Plaza 103,Plaza,PLAZA,No informado,No informado,Retiro,1,SI,211.33508454932425,79.48784587195814,-34.5845221906,-58.3805259021,-34.5845221906,-58.3805259021,Centroide geométrico,0,0.00,0,1,0,No aplica,"Plaza según clasificación oficial, sin conflicto textual",EPSG:4326,espacio_verde_publico.csv
1805,Plaza Manzana 99,Pza. Manzana 99,Plaza,PLAZA,No informado,No informado,Retiro,1,SI,891.4825832193292,219.96465081872074,-34.5850620142,-58.3805210553,-34.5850620142,-58.3805210553,Centroide geométrico,0,0.00,0,1,0,No aplica,"Plaza según clasificación oficial, sin conflicto textual",EPSG:4326,espacio_verde_publico.csv
1809,Plaza Pichones,Pza. Pichones,Plaza,PLAZA,No informado,No informado,Retiro,1,SI,44.807009824000126,50.292021343271806,-34.5801841170,-58.3873942855,-34.5801791012,-58.3874685346,Punto representativo interno del componente principal,1,6.83,0,2,0,No aplica,"Plaza según clasificación oficial, sin conflicto textual",EPSG:4326,espacio_verde_publico.csv
1818,Espacio Público Saldías,Espacio Público Saldías,Plaza,PLAZA,No informado,BARRIO 31 - ESTACIÓN DE FFCC SALDÍAS,Recoleta,2,SI,1998.0653278218924,733.083305800925,-34.5758530432,-58.3990433265,-34.5757743681,-58.3989582483,Punto representativo interno del componente principal,1,11.71,0,8,0,No aplica,"Plaza según clasificación oficial, sin conflicto textual",EPSG:4326,espacio_verde_publico.csv
1823,No informado,No informado,Plaza,PLAZA,No informado,CURAPALIGUE AV - COREA AV - CASTAÑARES AV,Flores,7,NO,475.5857185751966,312.61960981132074,-34.6435724533,-58.4425497491,-34.6433543175,-58.4426288627,Punto representativo interno del componente principal,1,25.26,0,18,1,Plaza sin nombre y menor a 500 m²; confirmar que sea un espacio independiente,"Plaza según clasificación oficial, sin conflicto textual",EPSG:4326,espacio_verde_publico.csv
1825,No informado,No informado,Plaza,PLAZA,No informado,TIMOTEO GORDILLO 5350 entre MADARIAGA y TABARÉ,Villa Riachuelo,8,SI,589.5216337501848,328.8522051204221,-34.6894028999,-58.4675682126,-34.6894040462,-58.4674640639,Punto representativo interno del componente principal,1,9.54,0,6,0,No aplica,"Plaza según clasificación oficial, sin conflicto textual",EPSG:4326,espacio_verde_publico.csv
1828,Plaza del Corralón,Pza. del Corralón,Plaza,PLAZA,No informado,No informado,Floresta,10,SI,3053.154268062534,626.4574227428071,-34.6274163424,-58.4884764250,-34.6275452313,-58.4882979905,Punto representativo interno del componente principal,1,21.73,0,1,0,No aplica,"Plaza según clasificación oficial, sin conflicto textual",EPSG:4326,espacio_verde_publico.csv
1841,Plaza de Proximidad Aguaribay 6768,Pza. de Proximidad Aguaribay 6768,Plaza,PLAZA,No informado,AGUARIBAY 6768 entre GANA y MADERO,Versalles,10,SI,224.0350479448323,69.32063297150725,-34.6331493749,-58.5265753093,-34.6331493749,-58.5265753093,Centroide geométrico,0,0.00,0,1,0,No aplica,"Plaza según clasificación oficial, sin conflicto textual",EPSG:4326,espacio_verde_publico.csv
1842,Parque de la Estación,Pque. de la Estación,Parque,PARQUE,No informado,PERON JUAN DOMINGO - ANCHORENA TOMAS - VÍAS DEL FFCC SARMIENTO - DIAZ VELEZ AV - GALLO,Balvanera,3,SI,4394.166374326971,1131.026954172048,-34.6078386264,-58.4132377507,-34.6078386264,-58.4132377507,Centroide geométrico,0,0.00,0,22,0,No aplica,"Parque según clasificación oficial y superficie >= 1,000 m²",EPSG:4326,espacio_verde_publico.csv
1844,Plaza Manzana 66,Pza. Manzana 66,Plaza,PLAZA,No informado,BELGRANO AV - JUJUY AV - MORENO - CATAMARCA,Balvanera,3,SI,5487.515313803238,406.2107211217832,-34.6141134848,-58.4056930405,-34.6141134848,-58.4056930405,Centroide geométrico,0,0.00,0,2,0,No aplica,"Plaza según clasificación oficial, sin conflicto textual",EPSG:4326,espacio_verde_publico.csv
1845,Plaza República del Líbano,Pza. Rep. del Líbano,Plaza,PLAZA,No informado,"DEL LIBERTADOR, Av. - AGOTE, LUIS - REPUBLICA DEL LIBANO - Propiedad particular",Recoleta,2,NO,5276.32864978235,993.7041746637375,-34.5843923881,-58.3945305035,-34.5843724179,-58.3948734959,Punto representativo interno del componente principal,1,31.54,0,7,1,La ubicación menciona propiedad particular; confirmar acceso,"Plaza según clasificación oficial, sin conflicto textual",EPSG:4326,espacio_verde_publico.csv
1846,Plaza Australia,Pza. Australia,Plaza,PLAZA,No informado,"FIGUEROA ALCORTA, PRES., AV. - GONZALEZ, JULIO V. - COUTURE, EDUARDO - Muro desnivel que limita con la Pza Rep Federativa del Brasil",Recoleta,2,NO,814.9799306920064,746.430822841642,-34.5835586447,-58.3911742000,-34.5831345198,-58.3910007941,Punto representativo interno del componente principal,1,49.66,0,10,0,No aplica,"Plaza según clasificación oficial, sin conflicto textual",EPSG:4326,espacio_verde_publico.csv
1847,Plaza Jardín de la Recoleta,Pza. Jardín de la Recoleta,Plaza,PLAZA,No informado,Plaza ubicada por encima del Centro de Exposiciones y Convenciones de la Ciudad Autónoma de Buenos Aires,Recoleta,2,NO,9485.423383631713,2676.7439592700093,-34.5833691016,-58.3891907883,-34.5836889464,-58.3890413931,Punto representativo interno del componente principal,1,38.03,0,28,0,No aplica,"Plaza según clasificación oficial, sin conflicto textual",EPSG:4326,espacio_verde_publico.csv
1875,Parque del Bajo,Pque. del Bajo,Parque,PARQUE,No informado,MADERO EDUARDO AV - PERON JUAN DOMINGO TTE - ROSALES AV - ALEM LEANDRO AV - PASEO COLON AV,Puerto Madero,1,NO,11138.628906940648,3045.2897688254493,-34.6061038750,-58.3681152117,-34.6072716993,-58.3681300667,Punto representativo interno del componente principal,1,129.53,0,66,0,No aplica,"Parque según clasificación oficial y superficie >= 1,000 m²",EPSG:4326,espacio_verde_publico.csv
1877,Plaza Usina del Arte,Pza. Usina del Arte,Plaza,PLAZA,No informado,CAFFARENA y DON PEDRO DE MENDOZA,La Boca,4,NO,1186.6886116422015,1209.1304798112387,-34.6292623915,-58.3561158784,-34.6292623915,-58.3561158784,Centroide geométrico,0,0.00,0,15,0,No aplica,"Plaza según clasificación oficial, sin conflicto textual",EPSG:4326,espacio_verde_publico.csv
1878,Parque Elefante Blanco,Pque. Elefante Blanco,Parque,PARQUE,No informado,VILLA 15 MANZANA 27 BIS: PIEDRA BUENA AV - PASAJE DE LA ROSA - CAÑADA DE GÓMEZ - HUBAC,Villa Lugano,8,SI,3512.454361324932,1377.3878259767457,-34.6710726815,-58.4931861661,-34.6710726815,-58.4931861661,Centroide geométrico,0,0.00,0,32,0,No aplica,"Parque según clasificación oficial y superficie >= 1,000 m²",EPSG:4326,espacio_verde_publico.csv
1880,No informado,No informado,Plaza,PLAZA,No informado,VILLA 15 MANZANA 4,Villa Lugano,8,NO,1597.3475549142904,162.2036230839663,-34.6690985422,-58.4929484024,-34.6690985422,-58.4929484024,Centroide geométrico,0,0.00,0,1,0,No aplica,"Plaza según clasificación oficial, sin conflicto textual",EPSG:4326,espacio_verde_publico.csv
1894,Plaza Los Pibes de Zavaleta,Pza. Los Pibes de Zavaleta,Plaza,PLAZA,No informado,AV AMANCIO ALCORTA 3080,Barracas,4,SI,535.0508924014919,370.0200504131818,-34.6490837137,-58.4040000127,-34.6490837137,-58.4040000127,Centroide geométrico,0,0.00,1,7,0,No aplica,"Plaza según clasificación oficial, sin conflicto textual",EPSG:4326,espacio_verde_publico.csv
1910,Plaza San Blas (denominación propuesta),Pza. San Blas,Plaza,PLAZA,No informado,ZAVALETA y OSVALDO CRUZ AV,Barracas,4,NO,158.88402352465783,190.01882361343374,-34.6569644085,-58.3992875159,-34.6569259727,-58.3993039947,Punto representativo interno del componente principal,1,4.52,0,7,0,No aplica,"Plaza según clasificación oficial, sin conflicto textual",EPSG:4326,espacio_verde_publico.csv
1939,Plaza La Jaulita,Pza. La Jaulita,Plaza,PLAZA,No informado,AV LACARRA - BATLLE Y ORDOÑEZ - PASAJE LA JAULITA,Villa Soldati,8,SI,23.373270920109736,49.85709681622391,-34.6612849043,-58.4544382592,-34.6612553706,-58.4544351594,Punto representativo interno del componente principal,1,3.29,0,4,0,No aplica,"Plaza según clasificación oficial, sin conflicto textual",EPSG:4326,espacio_verde_publico.csv
1940,Plaza Mondonguito,Pza. Mondonguito,Plaza,PLAZA,No informado,AV LACARRA y BARROS PAZOS JOSE,Villa Soldati,8,SI,459.77766915650136,236.27750031097474,-34.6639255593,-58.4509864330,-34.6639255593,-58.4509864330,Centroide geométrico,0,0.00,0,9,0,No aplica,"Plaza según clasificación oficial, sin conflicto textual",EPSG:4326,espacio_verde_publico.csv
1950,No informado,No informado,Plaza,PLAZA,No informado,MANZANA 30 - VILLA 20 - BARRIO PAPA FRANCISCO,Villa Lugano,8,NO,2964.258322296823,852.2512171500143,-34.6717077558,-58.4615637829,-34.6717077558,-58.4615637829,Centroide geométrico,0,0.00,0,12,0,No aplica,"Plaza según clasificación oficial, sin conflicto textual",EPSG:4326,espacio_verde_publico.csv
1954,Plaza Bailecito,Pza. Bailecito,Plaza,PLAZA,No informado,BARRIO 31 MUGICA,Retiro,1,No informado,159.71205433737165,53.6703427626054,-34.5793317745,-58.3840182187,-34.5793317745,-58.3840182187,Centroide geométrico,0,0.00,0,1,0,No aplica,"Plaza según clasificación oficial, sin conflicto textual",EPSG:4326,espacio_verde_publico.csv
1955,Plaza Ranchera,Pza. Ranchera,Plaza,PLAZA,No informado,BARRIO 31 MUGICA,Retiro,1,No informado,2154.146283767559,188.0157645789551,-34.5798895179,-58.3832643885,-34.5798895179,-58.3832643885,Centroide geométrico,0,0.00,0,1,0,No aplica,"Plaza según clasificación oficial, sin conflicto textual",EPSG:4326,espacio_verde_publico.csv
1956,Plaza Rumba,Pza. Rumba,Plaza,PLAZA,No informado,BARRIO 31 MUGICA,Retiro,1,No informado,914.1094453990462,161.88058298612464,-34.5805015349,-58.3820151269,-34.5805015349,-58.3820151269,Centroide geométrico,0,0.00,0,1,0,No aplica,"Plaza según clasificación oficial, sin conflicto textual",EPSG:4326,espacio_verde_publico.csv
1957,Plaza Folklore,Pza. Folklore,Plaza,PLAZA,No informado,BARRIO 31 MUGICA,Retiro,1,No informado,919.0713693259522,162.24331305874216,-34.5812107842,-58.3808070502,-34.5812107842,-58.3808070502,Centroide geométrico,0,0.00,0,1,0,No aplica,"Plaza según clasificación oficial, sin conflicto textual",EPSG:4326,espacio_verde_publico.csv
1958,No informado,No informado,Plaza,PLAZA,No informado,BARRIO 31 MUGICA,Retiro,1,No informado,603.8426078867902,528.7029529241017,-34.5814865582,-58.3871530135,-34.5813003623,-58.3876576770,Punto representativo interno del componente principal,1,50.69,0,27,0,No aplica,"Plaza según clasificación oficial, sin conflicto textual",EPSG:4326,espacio_verde_publico.csv
1959,Plaza Huayno,Pza. Huayno,Plaza,PLAZA,No informado,BARRIO 31 MUGICA,Retiro,1,No informado,179.03061590226963,58.50653494672076,-34.5796564082,-58.3906441509,-34.5796564082,-58.3906441509,Centroide geométrico,0,0.00,0,1,0,No aplica,"Plaza según clasificación oficial, sin conflicto textual",EPSG:4326,espacio_verde_publico.csv
1960,Plaza Cueca,Pza. Cueca,Plaza,PLAZA,No informado,BARRIO 31 MUGICA,Retiro,1,No informado,136.44737097909115,57.10934333893088,-34.5786008422,-58.3903306393,-34.5786008422,-58.3903306393,Centroide geométrico,0,0.00,0,1,0,No aplica,"Plaza según clasificación oficial, sin conflicto textual",EPSG:4326,espacio_verde_publico.csv
1961,No informado,No informado,Plaza,PLAZA,No informado,BARRIO 31 MUGICA,Retiro,1,No informado,1380.119304794066,796.0059940464778,-34.5794463010,-58.3899444864,-34.5794463010,-58.3899444864,Centroide geométrico,0,0.00,0,15,0,No aplica,"Plaza según clasificación oficial, sin conflicto textual",EPSG:4326,espacio_verde_publico.csv
1978,Plaza Cesac n° 20 (no oficial),Pza. Cesac n° 20,Plaza,PLAZA,No informado,No informado,Flores,7,SI,199.0297058038782,148.57396034138404,-34.6492843697,-58.4380050198,-34.6492408821,-58.4380676368,Punto representativo interno del componente principal,1,7.50,0,3,1,La fuente indica que la denominación no es oficial,"Plaza según clasificación oficial, sin conflicto textual",EPSG:4326,espacio_verde_publico.csv
1983,Plaza Mujeres Latinoamericanas en Lucha,Pza. Mujeres latinoamericanas en lucha,Plaza,PLAZA,No informado,BARRIO PLAYÓN DE CHACARITA: AV TRIUNVIRATO - MUJERES DE FRAGA - GUEVARA - ELCANO,Chacarita,15,No informado,839.2516351882591,358.58565230546026,-34.5844942540,-58.4601076019,-34.5844942540,-58.4601076019,Centroide geométrico,0,0.00,1,5,0,No aplica,"Plaza según clasificación oficial, sin conflicto textual",EPSG:4326,espacio_verde_publico.csv
1984,Plaza Ni una menos,Pza. Ni una menos,Plaza,PLAZA,No informado,BARRIO PLAYÓN DE CHACARITA: AV TRIUNVIRATO - MUJERES DE FRAGA - GUEVARA - ZABALA,Chacarita,15,No informado,929.2817842432221,371.6948606174984,-34.5844763504,-58.4593325477,-34.5844763504,-58.4593325477,Centroide geométrico,0,0.00,0,9,0,No aplica,"Plaza según clasificación oficial, sin conflicto textual",EPSG:4326,espacio_verde_publico.csv
1985,Plaza María Elena Moyano,Pza. María E. Moyano,Plaza,PLAZA,No informado,BARRIO PLAYÓN DE CHACARITA: AV TRIUNVIRATO - ZABALA - GUEVARA - CESPEDES,Chacarita,15,No informado,557.9149636843258,263.84005772074397,-34.5844819895,-58.4585948686,-34.5845463752,-58.4585020142,Punto representativo interno del componente principal,1,11.12,0,6,0,No aplica,"Plaza según clasificación oficial, sin conflicto textual",EPSG:4326,espacio_verde_publico.csv
1986,Plaza Blanca Varela,Pza. Blanca Varela,Plaza,PLAZA,No informado,BARRIO PLAYÓN DE CHACARITA: AV TRIUNVIRATO - TEODORO GARCIA - MERCEDES SOSA,Chacarita,15,No informado,1968.966747229217,821.7875451737787,-34.5854504424,-58.4568222874,-34.5854504424,-58.4568222874,Centroide geométrico,0,0.00,0,10,0,No aplica,"Plaza según clasificación oficial, sin conflicto textual",EPSG:4326,espacio_verde_publico.csv
1987,Plaza Mercedes Sosa,Pza. Mercedes Sosa,Plaza,PLAZA,No informado,BARRIO RODRIGO BUENO,Puerto Madero,1,SI,1232.6826082990372,419.906086685073,-34.6181833158,-58.3534027639,-34.6181833158,-58.3534027639,Centroide geométrico,0,0.00,0,17,0,No aplica,"Plaza según clasificación oficial, sin conflicto textual",EPSG:4326,espacio_verde_publico.csv
1988,Plaza Juana Azurduy,Pza. Juana Azurduy,Plaza,PLAZA,No informado,BARRIO RODRIGO BUENO,Puerto Madero,1,SI,871.7269154636932,384.5405522228509,-34.6178963149,-58.3541315968,-34.6178650227,-58.3542872953,Punto representativo interno del componente principal,1,14.69,0,12,0,No aplica,"Plaza según clasificación oficial, sin conflicto textual",EPSG:4326,espacio_verde_publico.csv
1989,Parque Estación Buenos Aires,Pque. Estación Buenos Aires,Parque,PARQUE,No informado,"BARRIO ESTACION BUENOS AIRES: MONASTERIO, ASTOR PIAZZOLLA, LUNA y AV SUAREZ",Barracas,4,SI,13552.97924354786,3446.180611376742,-34.6446638347,-58.3949620466,-34.6446638347,-58.3949620466,Centroide geométrico,0,0.00,0,24,0,No aplica,"Parque según clasificación oficial y superficie >= 1,000 m²",EPSG:4326,espacio_verde_publico.csv
1991,Plaza Barrio Balbastro,Pza. Bo. Balbastro,Plaza,PLAZA,No informado,RIVERA INDARTE - BALBASTRO,Flores,7,SI,351.3345018374211,241.46952156418075,-34.6445249766,-58.4491969833,-34.6444080342,-58.4493365681,Punto representativo interno del componente principal,1,18.22,0,6,0,No aplica,"Plaza según clasificación oficial, sin conflicto textual",EPSG:4326,espacio_verde_publico.csv
1995,Plaza Ana Frank,Pza. Ana Frank,Plaza,PLAZA,No informado,SUPERI - URTUBEY CLODOMIRO - OLAZABAL AV,Belgrano,13,NO,45.73292261887123,60.0466821720096,-34.5658530999,-58.4684754167,-34.5658530999,-58.4684754167,Centroide geométrico,0,0.00,0,4,0,No aplica,"Plaza según clasificación oficial, sin conflicto textual",EPSG:4326,espacio_verde_publico.csv
2071,Plaza Colonia Express,Pza. Colonia Express,Plaza,PLAZA,No informado,ELVIRA RAWSON DELLEPIANE 49,La Boca,4,NO,596.8282339584412,152.29577244705857,-34.6244800312,-58.3620091071,-34.6244800312,-58.3620091071,Centroide geométrico,0,0.00,0,1,0,No aplica,"Plaza según clasificación oficial, sin conflicto textual",EPSG:4326,espacio_verde_publico.csv
2072,No informado,No informado,Plaza,PLAZA,No informado,AV PEDRO DE MENDOZA 302 - 400,La Boca,4,NO,700.4193805758199,270.502423075227,-34.6264982363,-58.3588561564,-34.6264982363,-58.3588561564,Centroide geométrico,0,0.00,0,6,0,No aplica,"Plaza según clasificación oficial, sin conflicto textual",EPSG:4326,espacio_verde_publico.csv
2112,No informado,No informado,Plaza,PLAZA,No informado,AV SOLDADO DE LA FRONTERA y CNEL MANUEL JOSE OLASCOAGA,Villa Lugano,8,SI,313.2595293600888,157.52941713228853,-34.6833155709,-58.4657354314,-34.6833155709,-58.4657354314,Centroide geométrico,0,0.00,0,5,1,Plaza sin nombre y menor a 500 m²; confirmar que sea un espacio independiente,"Plaza según clasificación oficial, sin conflicto textual",EPSG:4326,espacio_verde_publico.csv
2114,Bo. Cardenal Santiago Copello,Bo. Copello,Plaza,PLAZA,No informado,BASUALDO - SANTANDER - MIRALLA - TTE GRAL LUIS DELLEPIANE,Villa Lugano,8,NO,24491.087140562136,5670.103770378636,-34.6658621306,-58.4753867181,-34.6658154691,-58.4753188521,Punto representativo interno del componente principal,1,8.09,0,38,1,Barrio Cardenal Copello: confirmar si representa una única plaza independiente,"Plaza según clasificación oficial, sin conflicto textual",EPSG:4326,espacio_verde_publico.csv
2115,No informado,No informado,Plaza,PLAZA,No informado,JOSE LEON SUAREZ entre CRISOSTOMO ALVAREZ y ZUVIRIA,Villa Lugano,8,SI,2843.4444604338714,271.0995960299651,-34.6776665462,-58.4940752163,-34.6776665462,-58.4940752163,Centroide geométrico,0,0.00,0,1,0,No aplica,"Plaza según clasificación oficial, sin conflicto textual",EPSG:4326,espacio_verde_publico.csv
2118,No informado,No informado,Plaza,PLAZA,No informado,MONTIEL y CRISOSTOMO ALVAREZ,Villa Lugano,8,SI,987.8536244932757,194.67782541000543,-34.6776273397,-58.4923638961,-34.6776273397,-58.4923638961,Centroide geométrico,0,0.00,0,1,0,No aplica,"Plaza según clasificación oficial, sin conflicto textual",EPSG:4326,espacio_verde_publico.csv
2123,No informado,No informado,Plaza,PLAZA,No informado,GOLETA SANTA CRUZ 6786,Villa Lugano,8,SI,332.5392810457014,231.51957284507193,-34.6792369403,-58.4919447567,-34.6792513275,-58.4920250726,Punto representativo interno del componente principal,1,7.53,0,7,1,Plaza sin nombre y menor a 500 m²; confirmar que sea un espacio independiente,"Plaza según clasificación oficial, sin conflicto textual",EPSG:4326,espacio_verde_publico.csv
2131,Bo. Los Perales (ex Manuel Dorrego),Bo. Los Perales (ex Dorrego),Plaza,PLAZA,No informado,AV EVA PERÓN - AV LISANDRO DE LA TORRE - CARHUE - MONTE - YRUPE - JUSTO ANTONIO SUAREZ,Mataderos,9,SI,99486.70236403838,15038.61400878085,-34.6687767768,-58.4948217160,-34.6679509273,-58.4967569551,Punto representativo interno del componente principal,1,199.60,0,90,1,Barrio Los Perales: confirmar si representa una única plaza independiente,"Plaza según clasificación oficial, sin conflicto textual",EPSG:4326,espacio_verde_publico.csv
2132,No informado,No informado,Plaza,PLAZA,No informado,AV CASTAÑARES - AV LUIS DELLEPIANE - SIN NOMBRE OFICIAL (ALT. DELLEPIANE 4990),Villa Lugano,8,NO,747.8263038563462,278.0217553808393,-34.6676854389,-58.4739261963,-34.6675536576,-58.4738756713,Punto representativo interno del componente principal,1,15.33,0,3,0,No aplica,"Plaza según clasificación oficial, sin conflicto textual",EPSG:4326,espacio_verde_publico.csv
2133,No informado,No informado,Plaza,PLAZA,No informado,AV LUIS DELLEPIANE - SIN NOMBRE OFICIAL (ALT. DELLEPIANE 4886) - SIN NOMBRE OFICIAL (ALT. DELLEPIANE 4990),Villa Lugano,8,SI,2058.106138677074,571.0709579024418,-34.6667315234,-58.4731988982,-34.6666846691,-58.4733743756,Punto representativo interno del componente principal,1,16.90,0,6,0,No aplica,"Plaza según clasificación oficial, sin conflicto textual",EPSG:4326,espacio_verde_publico.csv
2134,No informado,No informado,Plaza,PLAZA,No informado,AV LUIS DELLEPIANE 4730,Villa Lugano,8,NO,1006.5276489193285,250.26077785714682,-34.6651192190,-58.4727949703,-34.6652957494,-58.4728457856,Punto representativo interno del componente principal,1,20.13,0,4,0,No aplica,"Plaza según clasificación oficial, sin conflicto textual",EPSG:4326,espacio_verde_publico.csv
2135,No informado,No informado,Plaza,PLAZA,No informado,BARRIO CARDENAL SAMORÉ,Villa Lugano,8,SI,1197.1883680167914,434.7347617638235,-34.6661635723,-58.4725484756,-34.6659484007,-58.4724542236,Punto representativo interno del componente principal,1,25.38,0,5,0,No aplica,"Plaza según clasificación oficial, sin conflicto textual",EPSG:4326,espacio_verde_publico.csv
2136,No informado,No informado,Plaza,PLAZA,No informado,AV LUIS DELLEPIANE 4600 y SIN NOMBRE OFICIAL (ALT. CASTAÑARES 4595),Villa Lugano,8,SI,2141.2637494027995,551.9122245790186,-34.6644073530,-58.4723453986,-34.6644073530,-58.4723453986,Centroide geométrico,0,0.00,0,8,0,No aplica,"Plaza según clasificación oficial, sin conflicto textual",EPSG:4326,espacio_verde_publico.csv
2137,No informado,No informado,Plaza,PLAZA,No informado,AV ESCALADA 2702 - 2800,Villa Lugano,8,NO,1774.520729863898,427.56005330251304,-34.6636745414,-58.4717757585,-34.6636745414,-58.4717757585,Centroide geométrico,0,0.00,0,5,0,No aplica,"Plaza según clasificación oficial, sin conflicto textual",EPSG:4326,espacio_verde_publico.csv
2138,No informado,No informado,Plaza,PLAZA,No informado,AV ESCALADA 2802 - 2900,Villa Lugano,8,NO,1062.4716736589944,277.74837409534655,-34.6645791112,-58.4706583355,-34.6644523463,-58.4707230344,Punto representativo interno del componente principal,1,15.26,0,4,0,No aplica,"Plaza según clasificación oficial, sin conflicto textual",EPSG:4326,espacio_verde_publico.csv
2139,No informado,No informado,Plaza,PLAZA,No informado,BARRIO CARDENAL SAMORÉ,Villa Lugano,8,SI,2187.7483661926262,610.620601491581,-34.6651011309,-58.4722620069,-34.6651463808,-58.4716936116,Punto representativo interno del componente principal,1,52.33,0,6,0,No aplica,"Plaza según clasificación oficial, sin conflicto textual",EPSG:4326,espacio_verde_publico.csv
2142,No informado,No informado,Plaza,PLAZA,No informado,BARRIO JUAN J. NAGERA: SARAZA y TTE 1° ROBERTO ESTEVEZ,Villa Lugano,8,NO,3771.256895336839,585.4373999013119,-34.6610216590,-58.4692921015,-34.6610216590,-58.4692921015,Centroide geométrico,0,0.00,0,4,0,No aplica,"Plaza según clasificación oficial, sin conflicto textual",EPSG:4326,espacio_verde_publico.csv
2145,Parque Barrio Piletones (no oficial),Pque. Bo. Piletones,Parque,PARQUE,No informado,BARRIO PILETONES,Villa Soldati,8,SI,5599.156983712395,1904.7189364840701,-34.6625991394,-58.4550343545,-34.6625991394,-58.4550343545,Centroide geométrico,0,0.00,0,19,1,La fuente indica que la denominación no es oficial,"Parque según clasificación oficial y superficie >= 1,000 m²",EPSG:4326,espacio_verde_publico.csv
2156,Plaza 18 de Diciembre de 2022,Pza. 18 de Diciembre de 2022,Plaza,PLAZA,No informado,CONSTITUCION 3339 entre VIRREY LINIERS y SANCHEZ DE LORIA,Boedo,5,NO,506.848116535055,557.3166764741493,-34.6274049273,-58.4127629676,-34.6274049273,-58.4127629676,Centroide geométrico,0,0.00,0,24,0,No aplica,"Plaza según clasificación oficial, sin conflicto textual",EPSG:4326,espacio_verde_publico.csv
2157,Parque de la Innovación (ex Tiro Federal Argentino),Pque. de la Innovación,Parque,PARQUE,No informado,AV GUILLERMO UDAONDO - ERNESTO BAVIO - CAMPOS SALLES - AV LUGONES,Nuñez,13,NO,72607.35965616869,13038.915443087964,-34.5434756367,-58.4503690962,-34.5445751883,-58.4523252067,Punto representativo interno del componente principal,1,217.03,0,169,0,No aplica,"Parque según clasificación oficial y superficie >= 1,000 m²",EPSG:4326,espacio_verde_publico.csv
2161,Parque Costero BA,Pque. Costero BA,Parque,PARQUE,No informado,AV RAFAEL OBLIGADO COSTANERA 6600,Belgrano,13,NO,1408.6096474915114,989.0184861423205,-34.5472053819,-58.4306973035,-34.5472250626,-58.4305671535,Punto representativo interno del componente principal,1,12.14,0,38,0,No aplica,"Parque según clasificación oficial y superficie >= 1,000 m²",EPSG:4326,espacio_verde_publico.csv
2217,Plaza Educativa,Pza. Educativa,Plaza,PLAZA,No informado,QUESADA entre ALTOLAGUIRRE y BURELA,Villa Urquiza,12,NO,214.8830683951504,175.8317852537842,-34.5712464011,-58.4961335540,-34.5712141238,-58.4961975537,Punto representativo interno del componente principal,1,6.88,0,5,0,No aplica,"Plaza según clasificación oficial, sin conflicto textual",EPSG:4326,espacio_verde_publico.csv
2221,Plaza San Isidro Labrador,Pza. San Isidro Labrador,Plaza,PLAZA,No informado,AV SAN ISIDRO LABRADOR entre PICO y VEDIA,Saavedra,12,SI,2074.452516836436,558.2963847206327,-34.5406944622,-58.4753618827,-34.5407417185,-58.4755153256,Punto representativo interno del componente principal,1,15.03,0,5,0,No aplica,"Plaza según clasificación oficial, sin conflicto textual",EPSG:4326,espacio_verde_publico.csv
2225,Plaza Nodo Libertador,Pza. Nodo Libertador,Plaza,PLAZA,No informado,"AV DEL LIBERTADOR, AV VIRREY VERTIZ y VIRREY DEL PINO: debajo de VIADUCTO FFCC MITRE TIGRE",Belgrano,13,SI,1063.9553351905029,666.8353999643963,-34.5615275942,-58.4432769480,-34.5615275942,-58.4432769480,Centroide geométrico,0,0.00,0,12,0,No aplica,"Plaza según clasificación oficial, sin conflicto textual",EPSG:4326,espacio_verde_publico.csv
2231,Parque Ferroviario Colegiales,Pque. Ferroviario Colegiales,Parque,PARQUE,No informado,"AV FEDERICO LACROZE, MOLDES, OLAGUER Y FELIU VIRREY, CRAMER",Colegiales,13,NO,14199.59679262234,2307.445160502105,-34.5705933519,-58.4530594474,-34.5711515947,-58.4512790057,Punto representativo interno del componente principal,1,174.69,0,12,0,No aplica,"Parque según clasificación oficial y superficie >= 1,000 m²",EPSG:4326,espacio_verde_publico.csv
2248,Plaza Fitz Roy,Pza. Fitz Roy,Plaza,PLAZA,No informado,"RAMIREZ DE VELAZCO JUAN, VIADUCTO FFCC SAN MARTIN y VERA",Chacarita,15,NO,189.94523390401207,262.07495512062184,-34.5912343951,-58.4440206806,-34.5912886021,-58.4441694706,Punto representativo interno del componente principal,1,14.91,0,6,0,No aplica,"Plaza según clasificación oficial, sin conflicto textual",EPSG:4326,espacio_verde_publico.csv
2306,Plaza Barrio Presidente Roque Sáenz Peña,Pza. Bo. Roque Sáenz Peña,Plaza,PLAZA,No informado,"VALDENEGRO, FLOR DEL AIRE y GALVAN",Saavedra,12,SI,20096.885056923533,4583.191486653916,-34.5577105170,-58.4934254053,-34.5577105170,-58.4934254053,Centroide geométrico,0,0.00,0,55,0,No aplica,"Plaza según clasificación oficial, sin conflicto textual",EPSG:4326,espacio_verde_publico.csv
2310,No informado,No informado,Plaza,PLAZA,No informado,BARRIO PRES. MITRE: CORREA y ROMULO NAON,Saavedra,12,SI,3066.26706398849,871.6548214509005,-34.5493984019,-58.4866395587,-34.5493984019,-58.4866395587,Centroide geométrico,0,0.00,0,7,0,No aplica,"Plaza según clasificación oficial, sin conflicto textual",EPSG:4326,espacio_verde_publico.csv
2326,Plaza Las Cañitas,Pza. Las Cañitas,Plaza,PLAZA,No informado,"AV DORREGO, HUERGO, CLAY y BAEZ",Palermo,14,SI,4888.661927309909,1211.7750363356633,-34.5736455325,-58.4295598494,-34.5735202469,-58.4297292101,Punto representativo interno del componente principal,1,20.84,0,11,0,No aplica,"Plaza según clasificación oficial, sin conflicto textual",EPSG:4326,espacio_verde_publico.csv
2357,Parque Ferroviario Palermo,Pque. Ferroviario Palermo,Parque,PARQUE,No informado,"FFCC SAN MARTIN, SOLER, ATACALCO",Palermo,14,SI,3666.0415041812194,1980.0972172876325,-34.5832428090,-58.4305003720,-34.5832428090,-58.4305003720,Centroide geométrico,0,0.00,0,10,0,No aplica,"Parque según clasificación oficial y superficie >= 1,000 m²",EPSG:4326,espacio_verde_publico.csv
2386,Plaza Villa Santa Rita,Pza. Villa Santa Rita,Plaza,PLAZA,No informado,AV ALVAREZ JONTE 3222 entre CUENCA y GRANVILLE GUILLERMO,Villa Santa Rita,11,SI,1177.7466392553265,358.78250540898773,-34.6104685879,-58.4883301142,-34.6104599469,-58.4882394240,Punto representativo interno del componente principal,1,8.37,0,3,0,No aplica,"Plaza según clasificación oficial, sin conflicto textual",EPSG:4326,espacio_verde_publico.csv
2397,Parque Salguero,Pque. Salguero,Parque,PARQUE,No informado,AV SARMIENTO y AV COSTANERA RAFAEL OBLIGADO: COMPLEJO COSTA SALGUERO,Palermo,14,NO,66450.0576615182,6547.052866399063,-34.5684121003,-58.3971472376,-34.5684121003,-58.3971472376,Centroide geométrico,0,0.00,0,45,1,Parque Salguero/Costa Salguero: confirmar acceso y uso,"Parque según clasificación oficial y superficie >= 1,000 m²",EPSG:4326,espacio_verde_publico.csv
2401,Plaza Memoria AMIA,Pza. Memoria AMIA,Plaza,PLAZA,No informado,CIUDAD UNIVERSITARIA: sector este pegado a Parque de la Memoria,Belgrano,13,NO,19586.97714211938,2897.8591171258004,-34.5399923643,-58.4412625352,-34.5403380152,-58.4409171559,Punto representativo interno del componente principal,1,49.74,1,11,0,No aplica,"Plaza según clasificación oficial, sin conflicto textual",EPSG:4326,espacio_verde_publico.csv
2402,Reserva Ecológica Ciudad Universitaria Costanera Norte,Reserva Ecológica Cdad Universitaria Costanera Norte,Reserva ecológica,PARQUE SEMIPÚBLICO,Semipúblico según clasificación original,CIUDAD UNIVERSITARIA SECTOR NORTE,Belgrano,13,NO,132531.05415626196,5968.016277745432,-34.5380232330,-58.4441714639,-34.5380232330,-58.4441714639,Centroide geométrico,0,0.00,0,36,1,La fuente clasifica el acceso como semipúblico,Reserva ecológica; acceso semipúblico conservado explícitamente,EPSG:4326,espacio_verde_publico.csv
2403,No informado,No informado,Plaza,PLAZA,No informado,"BARRIO OLIMPICO: 23 DE JUNIO, HUMBERTO SELVETTI, BOULEVARD OLIMPICO ZUBIAUR, DELFO CABRERA",Villa Soldati,8,NO,7482.517465863072,375.37018338698573,-34.6736685295,-58.4556639517,-34.6736685295,-58.4556639517,Centroide geométrico,0,0.00,0,1,0,No aplica,"Plaza según clasificación oficial, sin conflicto textual",EPSG:4326,espacio_verde_publico.csv
2404,No informado,No informado,Plaza,PLAZA,No informado,"BARRIO OLIMPICO: AV ESCALADA, HUMBERTO SELVETTI, BOULEVARD OLIMPICO ZUBIAUR, DELFO CABRERA",Villa Soldati,8,NO,8640.799996776163,573.7321760747408,-34.6743964095,-58.4565033481,-34.6743964095,-58.4565033481,Centroide geométrico,0,0.00,0,2,0,No aplica,"Plaza según clasificación oficial, sin conflicto textual",EPSG:4326,espacio_verde_publico.csv
2405,No informado,No informado,Plaza,PLAZA,No informado,"BARRIO OLIMPICO: 23 DE JUNIO, HUMBERTO SELVETTI, BOULEVARD OLIMPICO ZUBIAUR, ALBERTO ZORRILLA",Villa Soldati,8,NO,7350.568349800669,326.64602534548885,-34.6743328948,-58.4548190837,-34.6743328948,-58.4548190837,Centroide geométrico,0,0.00,0,1,0,No aplica,"Plaza según clasificación oficial, sin conflicto textual",EPSG:4326,espacio_verde_publico.csv
